crit_id,nct_id,type,original_text,reason
k002,NCT03872453,inclusion,Migraine attacks present for more than 1 year with the age of onset prior to 50 years of age.,"This is not about current age. It joins two conditions: migraine attacks for more than 1 year, and age at migraine onset under 50. Age at onset is not the age concept, and migraine is not an inventory concept."
k003,NCT07577232,inclusion,18 years of age or older.,"The semantics are fine (>= 18), but no valid case can be built. The not-met side is a minor: base and numeric near-miss cases need ages 15-17. ec.NUM['age'] sets a floor of 18, so default_range is (18, 16), which is empty. make_group fails on every seed with 'empty range in randrange(18, 17)'. Even with a lower floor, the only test-split headers for age rules (HEADER_NO_AGE indices 4 and 5) are 'An adult {noun}.' and '{Noun}, adult.'. A 15-17-year-old case would then contradict its own header, and a careful reader could take 'adult' as evidence of age >= 18. Exclude: an age-18 threshold cannot be rendered unambiguously with the current header frames and age range.; The formalization itself is right (>= 18 years, current age, numeric near-miss). The cases cannot be generated consistently, for two reasons. (1) In ec.py, NUM['age'] has lo=18, so the default range for threshold 18 is (18,16). Every draw fails with 'empty range in randrange(18, 17)', and render() would drop this criterion as not renderable. (2) Every not-met case needs an age of 17 or below. But the frozen test-split header for age rules is 'An adult {noun}.' / '{Noun}, adult.', so each base, near and pres case would contradict its own header, and a reader could answer 'meets' because of 'adult'. To reinstate it, ec.py needs an age floor below 18 and a header without 'adult' for these rules."
k004,NCT02059551,inclusion,age > or = 18 years,"Same defect as k003. Reading '> or =' as >= 18 is correct, but the not-met side needs ages under 18. NUM['age'] has a floor of 18, so default_range (18, 16) is empty and make_group raises RuntimeError on every seed. The test-split header frames for age rules both call the patient 'adult' ('An adult {noun}.' / '{Noun}, adult.'), so any 15-17-year-old base or near-miss case would contradict its header. No unambiguous triplet can be generated.; The semantics are right: '> or =' means >= 18 on the current age line. The cases cannot be generated without contradiction. The ec.py age default range for threshold 18 is (18,16), so the draw fails ('empty range in randrange(18, 17)') and the criterion is not renderable. Even with a lower floor, every not-met case (age 17 or below, near-misses 15-17) would carry the frozen test-split header 'An adult {noun}.' / '{Noun}, adult.', which contradicts the stated age and makes the not-met label ambiguous."
k006,NCT07001397,inclusion,"Age ≥18 years old, gender not limited;","The semantics are fine: >= 18, and 'gender not limited' adds no condition. The trailing semicolon removal is listed. But the not-met side requires minors. NUM['age'] has a floor of 18, so default_range (18, 16) is empty and every seed fails with 'empty range in randrange(18, 17)'. The test-split headers for age rules ('An adult {noun}.', '{Noun}, adult.') would also contradict a 15-17-year-old base or near-miss case. No valid triplet can be generated.; The semantics are right: >= 18 years, 'gender not limited' adds nothing, and removing the semicolon is logged. The cases cannot be generated consistently. The ec.py age default range for threshold 18 is (18,16), so the draw fails and the criterion is not renderable. Every not-met case needs an age of 17 or below, while the frozen test-split header for age rules says 'An adult {noun}.' / '{Noun}, adult.'. The not-met cases would contradict their header, so the program's label is not unambiguous for a reader."
k008,NCT03247998,inclusion,are greater than 18 years of age,"The literal reading (> 18) is right, and the registry's structured minimumAge for NCT03247998 is 19 years, which agrees. Excluding 18 as ambiguous is also correct. That leaves ages 17 and below as the only not-met values, so every base and numeric near-miss case must be a minor. NUM['age'] has a floor of 18, so default_range (18, 16) is empty and make_group fails on every seed. The test-split headers for age rules ('An adult {noun}.', '{Noun}, adult.') would contradict any 15-17-year-old case. No unambiguous triplet can be generated.; The semantics are right ('greater than 18 years of age', and the leading 'are' is kept as list stem). The near-miss values 15-17 avoid the ambiguous 18. But the ec.py age default range for threshold 18 is (18,16), so the base draw fails ('empty range in randrange(18, 17)') and the criterion is not renderable. Any not-met case (17 or below) would also carry the frozen test-split header 'An adult {noun}.' / '{Noun}, adult.', which contradicts the stated age and leaves the label open to dispute."
k009,NCT03185793,exclusion,Alanine aminotransferase or Aspartate aminotransferase or total bilirubin>1.5 upper normal limit;,The threshold is relative to the upper normal limit (>1.5 x ULN). The criterion is also an OR with AST and total bilirubin.
k010,NCT01040936,exclusion,"abnormal liver function before randomization, (AST，ALT≥3ULN)","The threshold is relative to ULN (>=3 x ULN). The criterion also includes AST, the subjective term 'abnormal liver function', and the timing condition 'before randomization'."
k011,NCT03291249,inclusion,ALT > 40 IU,"In the live registry text for NCT03291249 (fetched 2026-10-02), 'ALT > 40 IU' is one item under 'Diagnosis of NAFLD based on all the following:'. That whole list is the alternative to 'Historical histology-based confirmation of NASH within 12 months prior to screening OR'. The registered condition is therefore (histology-confirmed NASH) OR (metabolic-syndrome parameter AND ALT > 40 AND MRI fat fraction > 10%). Shown alone as 'Inclusion criterion: ALT > 40 U/L', it narrows the meaning: a biopsy-confirmed patient with ALT 30 is eligible in the trial. Rules 1 and 9 require exclusion. Two further problems: '40 IU' has no volume unit, so 'U/L' adds a unit rather than converting one. Rule 3 allows that only for quantities with a single conventional unit, and ALT is also reported in ukat/L. And sibling items accept data from before screening (MRI up to 3 months prior), so whether an older ALT > 40 counts is unsettled, which makes the 'time' near-miss doubtful."
k012,NCT01098487,inclusion,ALT and AST < 2xULN;,The threshold is relative to ULN (<2 x ULN). The criterion also requires an AST condition (AND).
k013,NCT06368752,exclusion,Circulating liver enzymes (alanine aminotransferase (ALAT) and/or aspartate aminotransferase (ASAT)) ≥ 2 × normal value,The threshold is relative to the normal value (>=2 x normal). The criterion is also an and/or with AST.
k014,NCT02078778,exclusion,Liver disease (Alanine aminotransferase (ALT) > 200),"The condition is 'liver disease', and 'ALT > 200' appears in brackets with no unit. ALT has more than one conventional unit (U/L, µkat/L), so the unit cannot be added. The bracket may illustrate liver disease rather than define it, so ALT values near 200 and past elevations are not decided unambiguously."
k015,NCT07019545,inclusion,Alanine aminotransferase ≤ 2.5xULN. Renal,The threshold is relative to ULN (<=2.5 x ULN). The trailing 'Renal' is a fragment of the next line.
k016,NCT02067182,exclusion,Impaired liver function (ALT/AST transaminase count 3fold higher than normal values) or liver disease with reduced life expectancy <1 year,"The threshold is relative to normal values (3-fold). The criterion is also an OR with AST, and an OR with liver disease with life expectancy under 1 year."
k018,NCT07547878,exclusion,RASi: hyperkalemia or angioedema,"This is a fragment of a contraindication list for one drug class ('RASi:'). It is an OR with hyperkalemia, which is decided by potassium values that cases can state. The time scope of angioedema is not given."
k019,NCT01568775,exclusion,History of head and neck angioedema.,"Narrower than the concept: it covers only head-and-neck angioedema. Most sample lines (for example 'An episode of angioedema years ago') do not state the site, so they cannot be decided."
k020,NCT05056727,exclusion,History of hereditary or idiopathic angioedema.,"Narrower than the concept: it covers only hereditary or idiopathic angioedema. The sample lines do not state a cause, and allergic or drug-induced angioedema would not count."
k021,NCT02247128,exclusion,Allergy or intolerance to aspirin or clopidogrel.,Allergy or intolerance to aspirin is not aspirin use. The criterion is also an OR with clopidogrel.
k022,NCT00153673,exclusion,"Concomitant use of proton pump inhibitor, misoprostol, aspirin, steroid or anticoagulant","An OR with other drugs and drug classes: proton pump inhibitor, misoprostol, steroid and anticoagulant (warfarin is itself an inventory concept). 'Concomitant' refers to use alongside the study treatment."
k023,NCT00061373,exclusion,"Known hypersensitivity to alteplase, aspirin, tinzaparin, eptifibatide, heparin, sulfites, benzyl alcohol, or pork products.",Hypersensitivity to aspirin is not aspirin use. The criterion is also an OR with seven other agents.
k024,NCT01733485,exclusion,"Taking any aspirin or other NSAIDS on the week prior to bronchoscopy,","An OR with other NSAIDs (a drug class), plus a timing condition tied to a procedure ('the week prior to bronchoscopy')."
k025,NCT00627809,exclusion,"Contraindications to streptokinase, tirofiban, aspirin, clopidogrel, or heparin",A contraindication to aspirin is not aspirin use. The criterion is also an OR with four other drugs.
k026,NCT00521885,exclusion,Hypersensitivity to aspirin.,"Concept mismatch (rule 4): hypersensitivity to aspirin is an allergy or intolerance, not aspirin use. The aspirin lines state use ('Currently on low-dose aspirin each day'), which a reader would not take as hypersensitivity, so the program's flip would be wrong."
k027,NCT07507500,exclusion,"Intolerance, contraindication or known allergy to either aspirin, prasugrel or ticagrelor.","Concept mismatch plus extra disjuncts: intolerance, contraindication or allergy is not aspirin use (which is what the aspirin lines state). 'Contraindication' needs clinical judgement, and prasugrel and ticagrelor are further drug disjuncts."
k028,NCT03642509,exclusion,Contraindication towards long-term aspirin therapy,"Concept mismatch and not explicit: a contraindication to long-term aspirin therapy is a clinical judgement about risk, not aspirin use. No inventory concept states it."
k029,NCT02948959,inclusion,Hospitalization or emergency visit for worsening asthma.,"Narrower than the inventory concept: a hospitalization or emergency visit for worsening asthma is an exacerbation event. The asthma lines state only diagnosis and treatment, never a hospital or emergency visit, and the line gives no time frame."
k030,NCT02904304,exclusion,NSAID-induced asthma diagnosed,"Narrower than the inventory concept: NSAID-induced asthma is a subtype. The asthma lines never state the trigger, so a present-asthma flip would not show NSAID-induced asthma."
k032,NCT00555607,exclusion,The patient has not had an exacerbation of asthma during the last year.,"An event with a time window on a concept that has no dated events: an asthma exacerbation during the last year is narrower than asthma, and window criteria are possible only for stroke, vte, bleeding, vascular and fall. The negative phrasing used as an exclusion also inverts the usual reading."
k033,NCT01290887,exclusion,The patient has a current infection or disease that may preclude assessment of asthma.,Not an asthma criterion and not explicit: 'a current infection or disease that may preclude assessment of asthma' is an open class decided by investigator judgement ('may preclude').
k034,NCT01926002,inclusion,History of allergen-induced asthma for at least 6 months prior to enrollment;,"Narrower concept plus a duration condition: allergen-induced asthma (the asthma lines never state a trigger) present for at least 6 months before enrollment, which is a timing condition the generator cannot state."
k035,NCT07610447,exclusion,Asthma exacerbation within the previous month,"An event with a time window on a concept that has no dated events: an asthma exacerbation within the previous month is narrower than asthma, and asthma has no dated-event wording, so a window criterion is not possible."
k036,NCT01057927,inclusion,History of asthma symptoms increasing in response to external allergens.,"Narrower concept: no asthma line says that symptoms increase in response to external allergens (an allergic trigger), so a present-asthma flip would not show it."
k037,NCT03995628,exclusion,Bleeding disorder,"Concept mismatch: a bleeding disorder (an inherited or acquired defect of hemostasis) is not a major bleeding event. The bleeding lines state bleeds (e.g. from a duodenal ulcer), which a reader would not take as a bleeding disorder."
k038,NCT02737189,exclusion,CT or MR evidence of hemorrhage (the presence of microbleeds on MRI is allowed).,"Concept mismatch plus a condition on how the finding was obtained: hemorrhage on CT or MR imaging (intracranial, in a stroke trial), with an exception for MRI microbleeds. The bleeding lines are major bleeds at any site, including gastrointestinal, with no imaging."
k039,NCT05395507,exclusion,Patients with active thrombosis or active bleeding.,"Extra disjunct and a broader concept: 'active thrombosis' is itself an inventory-level condition (VTE, arterial thrombosis), not a finding that cases never mention. 'Active bleeding' of any severity is broader than the inventory's major bleeding."
k040,NCT01573169,inclusion,Intracranial spontaneous hemorrhage on brain CT scan,"Narrower concept, with a condition on the imaging used: spontaneous intracranial hemorrhage on brain CT. The bleeding lines include gastrointestinal and traumatic bleeds and no imaging, which this criterion does not count."
k041,NCT02379806,exclusion,Organic lesion prone to bleeding.,"Not explicit: an organic lesion 'prone to bleeding' is a judgement of bleeding risk over an open class of lesions (ulcers, tumours and others), not a bleed. No single inventory concept matches it."
k042,NCT02604238,exclusion,gastrointestinal bleeding within 10 days,"Concept mismatch (rule 4): gastrointestinal bleeding versus the inventory's major bleeding at any site. Dated-event lines such as 'Needed a blood transfusion for a major bleed <N> ago' do not state the site, and the past lines include intracranial bleeds. The criterion also counts minor GI bleeding, which the major-bleed denial lines leave open."
k043,NCT00693225,exclusion,Bleeding diathesis,"Concept mismatch: bleeding diathesis is a tendency to bleed (a coagulopathy), not a major bleeding event. The bleeding lines state bleeds, which a reader would not take as a diathesis."
k044,NCT03333395,exclusion,"History of bleeding diathesis,","Concept mismatch: a history of bleeding diathesis is a tendency to bleed (a coagulopathy), not a major bleeding event. The bleeding lines state bleeds, not a diathesis."
k048,NCT03474523,exclusion,"BMI above 27 Kg/m2, obesity, lipoedema, oedema, circulatory problems","Extra disjuncts: obesity, lipoedema, oedema and 'circulatory problems' alongside BMI above 27. 'Circulatory problems' is undefined and overlaps inventory concepts (heart failure, peripheral artery disease, VTE, hypertension), and oedema overlaps the heart-failure wording ('ankle swelling')."
k054,NCT06366230,inclusion,Serum Urea > 120,"Serum urea, not blood urea nitrogen, and no unit is given. Urea is reported in mg/dL or mmol/L, so 120 cannot be restated exactly as BUN in mg/dL."
k055,NCT07492875,inclusion,Uremia: Blood urea nitrogen (BUN) ≥ 20 mg/dL (7.1 mmol/L),"Part of a count-based score, not a standalone criterion: it is one of nine IDSA/ATS minor criteria listed under 'Minor Criteria (≥3 indicates severe CAP)'. Also, '(7.1 mmol/L)' is an approximate restatement of 20 mg/dL and disagrees with it just below the threshold."
k056,NCT00381888,inclusion,Blood urea nitrogen (BUN) ≤ 30 mg/dL,"one condition of a compound inclusion criterion ('Adequate organ function within 28 days of study entry defined as:'): necessary, not sufficient"
k057,NCT00567489,exclusion,Serum urea > 30 mmol/L,"Serum urea in mmol/L, not blood urea nitrogen. Restating it as BUN in mg/dL needs an approximate conversion (about x2.8), which rule 3 does not allow."
k059,NCT01201837,inclusion,"Angiographic evidence of coronary artery disease with suitable ""target"" coronary artery for IVUS evaluation",Combined with a procedural judgement (a suitable 'target' coronary artery for IVUS) and with a condition on how the disease was shown (angiographic evidence). The cad concept alone cannot decide it.
k060,NCT06166524,exclusion,overt coronary artery disease,"'Overt' is an undefined qualifier (clinically manifest vs silent or subclinical disease). The text does not settle whether the cad lines (e.g. 'two-vessel disease on angiography', 'managed medically') count as overt."
k061,NCT06065592,exclusion,Pre-existing cardiovascular diseases or coronary artery diseases.,"Disjunction with 'pre-existing cardiovascular diseases', which is broader than coronary artery disease. It covers other inventory concepts (heart failure, heart attack, peripheral artery disease, stroke, hypertension), so no single concept decides it."
k063,NCT06383390,inclusion,Coronary artery disease,"one condition of a compound inclusion criterion ('Participants have established atherosclerotic cardiovascular disease (ASCVD) and/or chronic kidney disease (CKD), as evidenced at least one of the following:'): necessary, not sufficient"
k064,NCT00157807,inclusion,Coronary artery disease,"Exact duplicate of k063: same rule_text 'Coronary artery disease', same inclusion type, same program (cad, patient, current) and same near_kinds. It would produce an identical rule text with identical labels and count twice as an independent rule in the rule-level bootstrap. The registry context (NCT00157807) is also the weaker of the two. The inclusion list has no stated logic: 'Persistent AF' and 'Permanent AF' cannot both hold, and mitral/tricuspid/aortic valve defect and CAD are alternative indications for concomitant cardiac surgery. In addition, the exclusion bullets ('Coronary arteries of the posterior wall without pathological findings: No inclusion'; 'Stenosis of the posterior wall vessels, supplied with a CABG: Inclusion possible') further restrict which coronary patients qualify. Keep k063."
k066,NCT01961895,inclusion,Known coronary artery disease:,"Header line: the trailing colon introduces a definition on the next registry line (previous myocardial infarction, chronic stable angina, atypical angina with a positive exercise test, or ultrasound/scintigraphic/angiographic evidence). The full criterion includes another concept (previous myocardial infarction = vascular) and test-based conditions, so the header alone would change its meaning."
k068,NCT06065592,exclusion,"History of hematological cancer types or previous cancers, recurrent or relapse.","Several conditions with unclear scope: hematological cancer types (a subtype) or 'previous cancers, recurrent or relapse'. 'Previous' is relative to the study's index cancer: every enrolled patient has a current stage 0-II cancer. So the cancer lines (e.g. current metastatic lung cancer) are not decided the way the program would decide them."
k069,NCT01325376,exclusion,cancer or active neoplasm (excluding skin cancers),"Excludes skin cancers, so it is narrower than the cancer concept, whose present lines include melanoma skin cancer. 'Cancer or active neoplasm' also leaves unsettled whether past cancer counts."
k070,NCT06465485,exclusion,Basal cell or superficial squamous skin cancer.,"Not an exclusion condition: the line is an exception under exclusion 10 ('Current or history of malignancy within 5 years before the screening visit with the following exceptions'), so patients with it remain eligible. It also names specific skin cancer types, narrower than the cancer concept."
k071,NCT05477498,exclusion,On-going cancer treatment,"The condition is current anti-cancer treatment, which is narrower than having cancer (the cancer concept). The present line 'receiving palliative treatment' does not settle whether that counts as cancer treatment."
k072,NCT04833764,exclusion,"History of active cancer or malignancy within 1 year,","Time window ('within 1 year') on cancer, which is not a dated-event concept. It is also unclear whether 'within 1 year' applies to active cancer, to malignancy, or to both."
k073,NCT07222228,exclusion,"Known benign or malignant liver tumors, renal disease, or active liver disease.","Not the cancer concept: benign or malignant liver tumours (site-specific and partly non-cancer), in a disjunction with renal disease and active liver disease."
k074,NCT03112083,exclusion,Cancer or other malignant disease within the past five years,"Time window ('within the past five years') on cancer, which is not a dated-event concept, so cases cannot render the window."
k076,NCT03946423,exclusion,"Current evidence of congestive heart failure, angina pectoris, or symptomatic peripheral vascular disease.","Three-way disjunction (congestive heart failure, angina pectoris, symptomatic peripheral vascular disease). Angina and peripheral artery disease are stated by other inventory concepts (cad lines mention angina; vascular present lines are peripheral artery disease), so they are not never-mentioned disjuncts; 'symptomatic' adds a further qualifier."
k077,NCT00907673,inclusion,"Stable, optimized therapy for heart failure for at least 4 weeks prior to enrollment","Condition is on the heart-failure therapy being stable and optimized for at least 4 weeks: subjective terms (stable, optimized) plus a treatment-duration condition; presence of heart failure does not decide it."
k078,NCT07201714,inclusion,Clinical-pathological diagnosis of heart failure with some degree of cardiorenal syndrome,Conjunction with 'some degree of cardiorenal syndrome' (a second condition with a vague degree) and a 'clinical-pathological diagnosis' requirement; heart failure alone does not decide it.
k079,NCT01438853,exclusion,Decompensated congestive heart failure,"'Decompensated' narrows heart failure; chf present lines ('Has heart failure, treated with diuretics', 'Current heart failure with ankle swelling') do not state whether it is decompensated, so the original text does not decide them."
k080,NCT07377019,inclusion,Heart failure with mildly reduced ejection fraction (HFmrEF):,"Heart-failure subtype defined by ejection fraction (HFmrEF, an LVEF range with two thresholds); narrower than the chf concept, and the trailing colon shows the defining sub-items are not included."
k081,NCT01946633,exclusion,"impaired renal function, congestive heart failure","Two-item list (impaired renal function, congestive heart failure); 'impaired renal function' is an undefined relative term that cases bear on through creatinine/eGFR values, so it is not a never-mentioned disjunct."
k082,NCT06204640,exclusion,"Other MRAs indication: aldosteronism, heart failure, cirrhosis ascites, nephrotic syndrome, myasthenia","Five-way disjunction of mineralocorticoid-antagonist indications (aldosteronism, heart failure, cirrhosis ascites, nephrotic syndrome, myasthenia); ascites is itself an inventory concept, and heart failure as an MRA indication is narrower than any heart failure."
k083,NCT04016051,exclusion,History or presence of disease or concomitant medication contraindicating the use of clarithromycin.,"About diseases or concomitant medications contraindicating clarithromycin, not clarithromycin use; needs a contraindication judgement over unspecified conditions."
k084,NCT00621504,exclusion,History of any hypersensitivity or allergic reaction to clarithromycin or any macrolide/ ketolide,"Hypersensitivity/allergic reaction to clarithromycin, not clarithromycin use (what the inventory concept states); also extends to the whole macrolide/ketolide drug class."
k085,NCT06473597,exclusion,"macrolide antibiotics (clarithromycin, erythromycin)","List fragment naming a drug class (macrolide antibiotics, incl. erythromycin); the governing condition (use, allergy, time window) is in a lead-in line not included, so meaning and time scope are not settled."
k086,NCT07150286,exclusion,"Known allergy or intolerance to eradication therapy agents (clarithromycin, amoxicillin, metronidazole).","Allergy or intolerance to eradication agents, not clarithromycin use; the disjunction includes amoxicillin allergy, which penicillin-allergy lines (pen_allergy) bear on, and metronidazole."
k087,NCT00819572,exclusion,Known allergy to gadolinium contrast material.,Gadolinium contrast allergy; the inventory concept is iodinated contrast allergy (gadolinium vs iodinated contrast mismatch).
k088,NCT00196118,exclusion,Patient has a contrast allergy that cannot be adequately pre-medicated.,'That cannot be adequately pre-medicated' is a judgement no case line settles (present lines give no premedication outcome); 'contrast' is also not restricted to iodinated agents.
k090,NCT07549477,exclusion,Contraindications to receive gadolinium contrast,"Contraindications to gadolinium contrast: gadolinium is not the iodinated-contrast concept, and 'contraindication' is a judgement (renal function, devices, etc.) beyond allergy."
k091,NCT04704986,exclusion,Contraindication to anticoagulation or radiocontrast materials,"Disjunction of contraindication to anticoagulation and contraindication to radiocontrast; 'contraindication' is a judgement, and anticoagulation contraindications follow from inventory findings (bleeding, peptic ulcer, platelets)."
k092,NCT02046096,exclusion,Known hypersensitivity or contraindication to contrast medium that cannot be adequately premedicated,"Hypersensitivity or contraindication to any contrast medium, limited to cases that cannot be adequately premedicated: contraindication and premedication adequacy are judgements no case line settles."
k093,NCT06522594,exclusion,Spontaneous contrast in the heart at echocardiography,"Spontaneous echocardiographic contrast ('smoke') is an imaging finding, not a contrast-agent allergy; no inventory concept states it (keyword guess is wrong)."
k094,NCT02054429,exclusion,Known serious sensitivity to radiographic contrast agents.,"'Serious' is a subjective severity qualifier, and 'radiographic contrast agents' is broader than iodinated contrast (e.g. barium); 'Known' also leaves past/outgrown allergy lines undecided."
k097,NCT03622762,exclusion,Albumin / creatinine ratio ≥ 300,"Urine albumin/creatinine ratio, not serum creatinine; no unit stated and the inventory has no ratio concept."
k100,NCT00493896,exclusion,Initial labs indicative or suggestive of rapidly rising serum Creatinine (>1 mg/dL/day),"Rate of rise in serum creatinine (>1 mg/dL/day) needs serial values, and 'indicative or suggestive' is subjective; cases give one current value."
k101,NCT00201045,exclusion,Serious renal disease (serum creatinine greater than 3.5),"Creatinine threshold 3.5 has no unit, and creatinine has two conventional units (mg/dL and umol/L), so rule 3 does not allow adding one; 'Serious renal disease' is also a subjective label."
k102,NCT04484298,exclusion,renal failure (creatinine >350µmol/l.,"Threshold is stated in umol/L (350); converting creatinine umol/L to the inventory unit mg/dL is approximate (divide by 88.4), which rule 3 excludes."
k104,NCT03127644,exclusion,Patients who have an active or history of diabetic ketoacidosis,"Diabetic ketoacidosis (active or history) is not an inventory concept; the diabetes concept is broader (having diabetes does not imply DKA), so no concept decides it."
k105,NCT00788242,exclusion,Poorly controlled diabetes mellitus,'Poorly controlled' is a subjective qualifier with no stated threshold (rule 2); the diabetes concept does not record control.
k107,NCT04012138,exclusion,"Diabetic ketoacidosis or hyperosmolar hyperglycemic syndrome,",Diabetic ketoacidosis and hyperosmolar hyperglycemic syndrome are not inventory concepts; the diabetes concept is broader.
k108,NCT00574808,inclusion,have Diabetes Mellitus;,"Not a standalone criterion. In NCT00574808 the registered inclusion reads 'Men and women over 40 years of age, who meet at least one of the following criteria: 1. established CVD (CAD, cerebrovascular, PVD); 2. have Diabetes Mellitus; 3. have Chronic Kidney Disease; 4. high CVD risk (>=3 risk factors incl. hypertension, smoking)'. 'have Diabetes Mellitus' is one disjunct of an at-least-one-of list, conjoined with age >40. The other disjuncts are not findings that cases never mention (CAD and hypertension are inventory concepts), so this violates rule 1. The rule_text is also a subjectless fragment. A base or near-miss patient without diabetes may still satisfy the registered inclusion through another disjunct, so 'does not meet' is not what the registered criterion says.; Not a standalone criterion. In NCT00574808 this line is item 2 under 'Men and women over 40 years of age, who meet at least one of the following criteria:'. The items are (1) established CVD (CAD, stroke/TIA, PVD), (2) have Diabetes Mellitus, (3) chronic kidney disease, (4) high CVD risk from 3 or more risk factors. 'Inclusion criterion: have Diabetes Mellitus' drops the age>40 conjunct and three substantive disjuncts. These are not never-mentioned side findings like breastfeeding (rule 1), and dropping them narrows the registered criterion (rule 9). Under the registered criterion, a non-diabetic patient with CAD qualifies. A diabetic patient aged 30-40 does not qualify, yet case headers draw ages 30-75 and label such a patient as meeting it."
k109,NCT01766362,exclusion,"Unbalanced diabetes requiring, in the previous 4 months, intensive insulin therapy.","'Unbalanced diabetes' is subjective, and the criterion adds a treatment condition (intensive insulin therapy) and a timing condition (previous 4 months) (rules 1-2)."
k110,NCT02653209,exclusion,History of Diabetic Ketoacidosis,History of diabetic ketoacidosis: DKA is not an inventory concept; the diabetes concept is broader.
k111,NCT06229288,exclusion,"Estimated Glomerular Filtration Rate < 30 ml/min,","The unit rewrite is not an exact conversion (rule 3). The registered unit is 'ml/min', a non-indexed rate; mL/min/1.73 m2 differs from it by a factor of BSA/1.73, and a non-indexed eGFR in mL/min is a distinct quantity (KDIGO uses it for drug dosing). 'Estimated' only says the quantity is an estimate, not that it is BSA-indexed. In this amoxicillin/clavulanate trial in patients aged 65 and over (NCT06229288), '< 30 ml/min' matches the drug's renal-dosing cut-off, which is creatinine clearance in mL/min, so the literal non-indexed reading is plausible. Under the original text, the boundary near-miss (30 mL/min/1.73 m2) and the numeric near-misses (31-34) cannot be decided without BSA. The rule_text also silently swaps in a unit the trial did not register. The candidate's own reviewer check says to exclude under the literal reading.; The unit is not identical. The original is 'Estimated Glomerular Filtration Rate < 30 ml/min', which is non-indexed, and rule_text rewrites it as mL/min/1.73 m2. That is not an exact conversion, because indexed and absolute values differ by a factor of BSA/1.73. The trial (NCT06229288) is CAPTAIN: amoxicillin with or without clavulanate in patients aged 65 or older. There, 30 ml/min is the drug's renal-dosing cutoff, which is usually an absolute (Cockcroft-Gault type) estimate, so the literal non-indexed reading is plausible. The formalizer's own reviewer check says to exclude under that reading. Example: the flip 'Current eGFR 27 mL/min/1.73 m2' for a patient with BSA 2.1 is about 33 ml/min, which is not < 30 ml/min."
k112,NCT02856295,exclusion,glomerular filtration rate) < 30 ml/min),"Fragment of a longer criterion (unbalanced parentheses); 'glomerular filtration rate < 30 ml/min' has neither 'estimated' nor '1.73 m2', so it is not clearly eGFR (rule 3)."
k114,NCT01219959,inclusion,Diagnosis of ESRD \[Glomerular Filtration Rate (GFR) ≤ 15 mL/min\],"'GFR <= 15 mL/min' has neither 'estimated' nor '1.73 m2', so it is not clearly eGFR (rule 3); the criterion also requires a diagnosis of ESRD."
k116,NCT02330796,inclusion,Creatine clearance > 45 mL/min based on Cockroft-Gault glomerular filtration rate (GFR) estimation,"Creatinine clearance by Cockcroft-Gault is not eGFR (rule 3), and the criterion conditions on how the value was obtained (rule 2)."
k118,NCT04039477,exclusion,Estimated glomerular filtration rate (eGFR) <45 ml/min,"Same unit defect as k111. The registered text (NCT04039477, exclusion 6, 'Any of the following laboratory values at Screening: Estimated glomerular filtration rate (eGFR) <45 ml/min') states mL/min, a non-indexed rate. Rewriting it as mL/min/1.73 m2 is a reinterpretation, not an exact conversion: the values differ by BSA/1.73, and non-indexed eGFR is a recognised distinct quantity. For a patient with BSA below 1.73 m2, the boundary near-miss (45 mL/min/1.73 m2) and the numeric near-misses (46-49) could be <45 mL/min non-indexed, so they are not decidable under the original text. The rule_text shown to models changes the registered unit.; The unit is not identical. The original is 'Estimated glomerular filtration rate (eGFR) <45 ml/min' (NCT04039477, under 'laboratory values at Screening'), and rule_text rewrites it as mL/min/1.73 m2. Naming 'eGFR' settles the concept but not the unit: eGFR is also reported non-indexed in mL/min, for example for drug dosing. The rewrite is therefore BSA-dependent, not an exact conversion (rule 3), and it changes the registered threshold for any patient whose BSA is not 1.73 m2. Values near 45 (the flip at 44, the boundary at 45, the near-miss at 46-48) can be read the other way under the literal unit. The formalizer's own conditional says to exclude."
k119,NCT04796350,inclusion,Falls history (2 or more falls in the previous 12 months),"Requires 2 or more falls in the previous 12 months; cases state single fall events, so the count cannot be expressed and one fall inside the window would be labelled wrongly (rules 1, 4)."
k120,NCT06522594,inclusion,"Heart rate ≥ 80 bpm (being sinus rhythm, atrial fibrillation or atrial flutter) after V-A ECMO initiation","The heart-rate threshold is conditioned on timing (after V-A ECMO initiation) and on rhythm (sinus rhythm, atrial fibrillation or flutter) (rules 1-2)."
k121,NCT01444573,inclusion,Mean resting heart rate > 80 beats per minute with or without rate control medication,"'Mean resting heart rate' conditions on how the value was obtained (averaged, at rest); cases give a single current heart rate (rule 2)."
k122,NCT04548986,exclusion,Subjects with tachycardia (heart rate at rest > 120bpm),'Heart rate at rest' conditions on how the value was obtained; cases do not say whether the current heart rate was taken at rest (rule 2).
k124,NCT05969496,exclusion,Has QT interval corrected for heart rate (QTc) ≥480 msec.,QTc (QT interval corrected for heart rate) is not an inventory concept; the heart_rate guess came only from the words 'heart rate'.
k126,NCT00730028,exclusion,Heart rate less than 45 beats per minute (BPM).,"duplicate of k123 (same text and program, another trial or arm)"
k128,NCT03819114,inclusion,Hemoglobin greater than or equal to 8.0 g/dL,"In the registry this line is a nested sub-item of 'The following laboratory values obtained within 30 days prior to study entry by any US laboratory that had a CLIA certification or its equivalent, or at any ACTG network-approved non-US laboratory that operated in accordance with GCLP...'. That header adds a timing condition (rule 1) and a condition on how the value was obtained (rule 2). The standalone rule_text silently drops both. This broadens the criterion, and the change is not listed in simplifications (rule 9). Cases never state the lab or the date of a 'Latest Hgb result', so the registered criterion cannot be decided from them."
k131,NCT07019545,inclusion,Hemoglobin ≥8.0 g/dL; transfusions within the past 14 days are NOT permitted. Erythropoietin use is allowed. Hepatic,"The hemoglobin threshold carries a second condition on how the value was obtained: 'transfusions within the past 14 days are NOT permitted'. That is a transfusion-timing condition the inventory cannot state, and dropping it would broaden the criterion. The line also carries fragments of other items ('Erythropoietin use is allowed.', 'Hepatic')."
k133,NCT00242164,exclusion,a hemoglobin level (red blood cell measure) that is less than 8mg/dl,Unit typo: the hemoglobin threshold is given as '8mg/dl' (rule 3: hemoglobin in mg/dL -> exclude).
k142,NCT03055026,exclusion,History of heparin induced thrombocytopenia,"duplicate of k138 (same text and program, another trial or arm)"
k143,NCT01756495,exclusion,History of sensitivity to heparin or heparin-induced thrombocytopenia,"duplicate of k140 (same text and program, another trial or arm)"
k144,NCT06064734,exclusion,"Epilepsy or history of epilepsy, intracranial hypertension, tumor and other serious neurological disorders;","The line has several disjuncts: epilepsy, intracranial hypertension, tumor and 'other serious neurological disorders'. Intracranial hypertension is not systemic hypertension (concept mismatch), and 'serious' is subjective."
k145,NCT05710653,inclusion,"Healthy, or subjects with elevated blood pressure (ELE) or arterial hypertension (HTN)","Disjunction of 'Healthy', 'elevated blood pressure' and 'arterial hypertension'. A healthy subject without hypertension also qualifies, and 'healthy' is undefined. Elevated blood pressure is a measurement category (sbp), not a finding that cases never mention. No single concept decides the line."
k146,NCT06920914,exclusion,Fluid volume status or hypertension being actively managed. Other Factors,"'Being actively managed' is undefined: it does not say whether stable, treated hypertension counts. It is also joined with a second condition, fluid volume status management, which cases can touch through diuretics. The line ends with a header fragment ('Other Factors')."
k147,NCT01766362,exclusion,History of glaucoma or non-controlled ocular hypertension,Ocular hypertension is not systemic hypertension (concept mismatch). The line is also a disjunction with glaucoma and uses the subjective qualifier 'non-controlled'.
k148,NCT00789802,exclusion,Hypertension,"In the registry 'Hypertension' is a sub-item of 'Contraindication to estrogen use, such as presence or history of:', so the registered criterion is presence OR history of hypertension (times = ever). Rule 5's bare-text fallback (times = current) applies only when the text does not settle time, and here the registered text does. The program is current-only, and the sign-off test 'patient, past or resolved -> not met' contradicts the trial. The formalizer's own note says the trial counts past hypertension. Dropping the header narrows the meaning (rule 9) and is not listed as a simplification. The faithful version needs the header words added, which rule 9 does not allow, so exclude."
k149,NCT00786474,inclusion,Hypertension,"In the registry (NCT00786474, checked live 2026-10-02) this line is item 2 under 'Presence of at least one of the following major stroke risk factors:'. The other items are age > 75, diabetes, heart failure or LV dysfunction, and prior stroke, embolism or TIA. The trial does not require hypertension. As a standalone inclusion rule it would narrow the real criterion, which is a disjunction over other concepts."
k150,NCT02392754,inclusion,History of hypertension requiring antihypertensive medication.,"Conjunction with a treatment condition ('requiring antihypertensive medication', a drug class). The inventory's past-hypertension forms do not say whether medication was required, and the text does not settle whether 'requiring' means now or ever."
k151,NCT03118518,exclusion,Diagnosis of primary pulmonary hypertension,"Concept mismatch: primary pulmonary hypertension is not the systemic hypertension of the inventory concept (rule 4, pulmonary vs systemic hypertension). For example, 'Currently treated for hypertension with losartan' would count under the program but not under the original text."
k153,NCT01598831,inclusion,Coagulopathy characterized by an INR >1.40 without other known causes.,"Extra condition beyond the INR threshold: 'coagulopathy ... without other known causes' requires that the raised INR has no other known cause (e.g. warfarin, liver disease). That is a judgement about the cause, which the program cannot make from the INR value."
k156,NCT01308528,exclusion,INR ≥ 1.5;,the parent line ('Changes the security checks up to 48 h before randomization:') qualifies its items
k157,NCT04633356,exclusion,INR > 1.5 (natural),"'(natural)' restricts the criterion to an INR not caused by anticoagulant treatment. That is a condition on how the value arose (rule 2), and removing it would broaden the criterion."
k158,NCT07727395,exclusion,Coagulation disorder with INR > 1.7 or use of new oral anticoagulants (within 48 hours of symptom onset).,Disjunction with use of new oral anticoagulants (a drug class) within 48 hours of symptom onset (a timing condition). The INR part is also tied to a 'coagulation disorder'.
k160,NCT04983979,exclusion,"Treatment with lithium, or dual blockade with ACEi and ARB or mineralocorticoid inhibitor","Disjunction with other drug classes: dual blockade with an ACE inhibitor plus an ARB, or a mineralocorticoid receptor antagonist. The inventory hypertension forms name ARBs (losartan, candesartan)."
k162,NCT01371747,exclusion,Current use of lithium,"duplicate of k161 (same text and program, another trial or arm)"
k164,NCT01817257,exclusion,Fitted with a prosthetic heart valve,"Broader concept: 'prosthetic heart valve' includes bioprosthetic valves, but the inventory concept covers mechanical valves only. For example, the past form 'exchanged for a bioprosthetic valve' meets the original text but not the program."
k167,NCT04030494,exclusion,Subject with prosthetic heart valve;,"Broader concept: 'prosthetic heart valve' includes bioprosthetic valves, but the inventory concept covers mechanical valves only. For example, the past form 'a bioprosthesis now sits in its place' meets the original text but not the program."
k168,NCT04855110,exclusion,Patients with right-sided mechanical heart valves.,"Narrower concept: only right-sided (tricuspid or pulmonary) mechanical valves count. The inventory present forms are mitral and aortic mechanical valves, which the program counts but the original text does not."
k170,NCT03692065,exclusion,Mechanical heart valve,"duplicate of k163 (same text and program, another trial or arm)"
k171,NCT06165237,exclusion,"Those taking anticoagulants, atazanavir, Rilpivirine and methotrexate.","Disjunction of several drugs and a drug class (anticoagulants, atazanavir, rilpivirine, methotrexate). Anticoagulants include warfarin, which cases can mention."
k172,NCT02885740,exclusion,Actual administration of drugs interfering with adenosine metabolism: dipyridamole and methotrexate,"The condition is a drug class ('drugs interfering with adenosine metabolism') that also names a second drug (dipyridamole). Deciding class membership needs pharmacological judgement, and 'Actual administration' does not clearly mean current use."
k173,NCT06186219,exclusion,Prior treatment with Rituximab (within 6 months) or Methotrexate (within 3 months).,"Disjunction with rituximab (another drug), plus a 3-month window on methotrexate. Methotrexate is not a dated-event concept; windows are allowed only for stroke, vte, bleeding, vascular and fall."
k175,NCT04896528,inclusion,"Absolute neutrophils count (ANC) ≥ 1,500/μL;","one condition of a compound inclusion criterion ('Blood test:'): necessary, not sufficient"
k177,NCT02195232,inclusion,"Absolute neutrophil count ≥1,000/mcL","one condition of a compound inclusion criterion ('Participants must have preserved organ and marrow function as defined below:'): necessary, not sufficient"
k178,NCT07447817,inclusion,Absolute neutrophil count (ANC) ≥ 1500 mm3 without need for growth factors within 7 days prior to Cycle 1 Day 1.,Second condition joined by 'without': no need for growth factors within 7 days before Cycle 1 Day 1 (a drug class plus a timing condition the inventory cannot state); the unit is also written 'mm3' instead of '/mm3'.
k183,NCT04066621,exclusion,"History of hypersensitivity reactions to carbapenems, cephalosporins, penicillin, other β-lactam antibiotics;","Disjunction with hypersensitivity to other drug classes (carbapenems, cephalosporins, other beta-lactam antibiotics); rule 1 excludes drug-class disjuncts."
k184,NCT05852262,exclusion,Allergy to cephalosporins or history of anaphylaxis to penicillin;,"Disjunction with cephalosporin allergy (a drug class); the penicillin part is also narrower than the concept (anaphylaxis only, while the present line 'Known penicillin allergy with angioedema.' is not anaphylaxis)."
k185,NCT02497781,exclusion,"History of hypersensitivity reactions to carbapenems, cephalosporins, penicillins or other β-lactam antibiotics","Disjunction with hypersensitivity to other drug classes (carbapenems, cephalosporins, other beta-lactam antibiotics); rule 1 excludes drug-class disjuncts."
k186,NCT03400735,exclusion,Allergy against to penicillin or cephalosporins,Disjunction with cephalosporin allergy (a drug class).
k187,NCT01876628,exclusion,"Patients with a confirmed history of penicillin, flucloxacillin or clindamycin allergy",Disjunction with flucloxacillin and clindamycin allergy (other drugs); 'confirmed' is also a condition on how the allergy was established.
k188,NCT00552799,exclusion,Known allergy to penicillin.,"the parent line ('Any doubt about the certainty of the diagnosis of either the index episode or the previous episode (if applicable), will be grounds for exclusion. Additionally, patients with any of the following will be excluded:') qualifies its items"
k189,NCT00976443,exclusion,Allergic to both penicillins AND quinolones,"Conjunction ('both ... AND') with quinolone allergy, a second drug class the inventory cannot state."
k190,NCT01524302,exclusion,"allergy to penicillin/cephalosporin antibiotics,",Disjunction with cephalosporin allergy ('penicillin/cephalosporin antibiotics'; a drug class).
k191,NCT01946633,inclusion,surveillance gastroscopy for known gastric ulcer or polyps,"Requires a procedure (surveillance gastroscopy) and adds a disjunct (gastric polyps); gastric ulcer is also narrower than the concept, whose lines include duodenal ulcers."
k195,NCT02280031,exclusion,Previous or current gastric ulcer,"Narrower than the concept: gastric ulcer only, while the present and past lines describe duodenal ulcers ('Has an active duodenal ulcer.', 'Duodenal ulcer years ago; ...'), which the original text does not count."
k198,NCT05368233,inclusion,Patient of peptic ulcer perforation peritonitis ( when confirmed intraoperatively),"Narrower condition (peptic ulcer perforation with peritonitis, not any peptic ulcer) plus a condition on how it is established (confirmed intraoperatively)."
k200,NCT05194397,exclusion,Platelets < 50K,"The original 'Platelets < 50K' has no unit. Rule 3 allows adding a missing unit only when the quantity has a single conventional unit (BMI kg/m2, age years, INR). Platelet counts are reported in /uL (/mm3), x10^3/uL and x10^9/L, so '50 x10^9/L' comes from reading 'K' as thousands per microliter. That reading is very likely right, but it is an inferred unit, not a stated one, and rule 3 forbids adding it. Rendering and labels are otherwise consistent."
k201,NCT04132375,exclusion,"Thrombocytopenia: platelet count < 150 × 103/μL, and/or","Rule 1: the line ends in 'and/or'. In the registry it is one item of a compound exclusion ('Any laboratory findings compatible with the development of HUS': hemolytic anemia by LDH/schistocytes and/or this and/or renal failure by creatinine). The connective is not removable punctuation, and the parent adds a condition on when the labs are drawn (within 24 h before the first dose)."
k204,NCT04217148,inclusion,Platelet counts <30×109/L ;,"Registry context: the next inclusion item is '3. Platelet counts < 50×109/L and significant bleeding symptoms (WHO bleeding scale 2 or above)', evidently an alternative to this one, and the registry does not say how items 2 and 3 combine. Read together, the platelet criterion is <30, or <50 with WHO grade 2+ bleeding (another condition, rule 1), so the line alone would narrow it (rule 9)."
k206,NCT05632445,exclusion,Platelets <40000,"Rule 3: the unit is missing ('Platelets <40000'), and platelet count has more than one conventional unit (/μL, x10^9/L), so a unit may not be added."
k210,NCT03781089,inclusion,Current use of dialysate with potassium concentration ≤ 2 mEq/L,"Rule 4: the criterion is the potassium concentration of the dialysate the patient currently uses (a dialysis prescription), not the patient's serum potassium. No inventory concept states it."
k212,NCT06237712,exclusion,Hyperkalemia (plasma potassium >5.5 mmol/L) at V0,"Rules 2 and 4: the threshold is on plasma potassium, but cases state serum potassium, which reads systematically higher than plasma potassium (potassium is released during clotting). A serum value just above 5.5 mmol/L does not decide the plasma criterion."
k215,NCT00196118,exclusion,Patient is pregnant or planning to become pregnant within the next 6 months,"Rule 1: the second disjunct, 'planning to become pregnant within the next 6 months', is an intention."
k217,NCT00684177,exclusion,"subject pregnant, breast feeding or planning a pregnancy, or unacceptable method of contraception",Rule 1: the disjuncts 'planning a pregnancy' (an intention) and 'unacceptable method of contraception' (another condition) are not allowed.
k220,NCT03005366,exclusion,Pregnant or nursing women.,"duplicate of k218 (same text and program, another trial or arm)"
k222,NCT01493024,exclusion,"Women who are pregnant, lactating, or planning to become pregnant.",Rule 1: the disjunct 'planning to become pregnant' is an intention.
k223,NCT01663701,inclusion,Respiratory rate >20/min,"Registry context: this is one item under '2 or more of the following SIRS criteria' (heart rate >90/min, respiratory rate >20/min, temperature, white count). The trial's criterion is a 2-of-4 count over several inventory concepts (rule 1), so using the line alone changes its meaning (rule 9)."
k224,NCT03551210,inclusion,tachypnea (respiratory rate > 24 breathes/minute);,"Registry context: this is item 3 under 'The presence of at least 3 of the following symptoms / signs' (cough, purulent sputum, tachypnea, chills, fever, white count). The trial's criterion is a 3-of-6 count over several conditions (rule 1), so using the line alone changes its meaning (rule 9)."
k226,NCT01422681,inclusion,respiratory rate ≥30 breaths/min;,"The line works on its own: RR >=30 /min is inclusive, the unit matches, and in rendered cases 28 or 29/min are not met and an old 38/min with a current 14/min is not met. The live registry text shows the bullet is not a criterion by itself, though. NCT01422681 reads 'arterial pH <=7.30 with PaCO2 >20% of the baseline value and one of the following: respiratory rate >=30 breaths/min; use of accessory muscles or paradoxical abdominal movements', and all of it is assessed 'after at least two hours of continuous NIV'. RR >=30 is therefore neither needed nor enough for inclusion, and 'Inclusion criterion: respiratory rate >=30 breaths/min' misstates the trial. This breaks rule 1 (joined with labs and a timing condition) and rule 2 (a condition on when the value is taken). Cause: scripts/ec_mine.py lines() takes every bullet after strip(), so parts of composite criteria pass as single criteria."
k227,NCT07492875,inclusion,Tachypnea: Respiratory rate ≥ 30 breaths/min,"The line works on its own: RR >=30 /min, 29 not met, an old 33/min with a current 26/min not met. In the registry (NCT07492875), though, this is an indented item under 'Minor Criteria (>=3 indicates severe CAP)' inside inclusion criterion 2, where 'Severe CAP is defined by the presence of one major criterion or at least three minor criteria'. The other items are PaO2/FiO2, BUN, platelets, temperature, infiltrates, confusion and hypotension. Showing it as 'Inclusion criterion: Tachypnea: Respiratory rate >= 30 breaths/min' states a requirement the trial does not have. The registered condition is a count-based score (rule 2) over other labs and findings (rule 1)."
k228,NCT01228110,inclusion,respiratory rate > 30 bpm at admission;,"Timing condition 'at admission': cases state only a current value at an unstated visit, never the value at admission, so the criterion cannot be decided from case wordings (condition on when the value was obtained)."
k229,NCT05821426,exclusion,Inotrope or vasopressor requirement after fluid administration to keep the systolic blood pressure ≥ 90 mmHg,"Not an SBP threshold: the condition is needing inotropes or vasopressors after fluid administration to keep SBP >= 90 mmHg. That is a drug requirement, which is not an inventory concept, and 90 mmHg is a treatment target, not a threshold on the measured value."
k232,NCT05171075,exclusion,PE leading to hemodynamic instability (systolic BP <90 mmHg or shock).,Conjunction with a causal link: requires a pulmonary embolism (vte concept) leading to hemodynamic instability (SBP <90 mmHg or shock). SBP alone does not decide it.
k234,NCT04548986,exclusion,Subjects with interarm systolic difference > 15 mmHg,"An inter-arm systolic difference is the difference between two arm readings, not a single systolic blood pressure value. No inventory concept covers it."
k236,NCT02202967,inclusion,Hypotension: systolic blood pressure <100-mm Hg.,"Wrong criterion type. On ClinicalTrials.gov, NCT02202967 lists 'Hypotension: systolic blood pressure <100-mm Hg.' under 'MAIN EXCLUSION CRITERIA:', but the candidate is typed inclusion. scripts/ec_mine.py only recognises headings matching '^(key )?exclusion criteria', so every exclusion bullet of this trial stayed typed inclusion. build_ec_v1.py takes criterion_type from selected.jsonl, so models would be shown 'Inclusion criterion: Hypotension: ...', which misstates the registered criterion. The rest of the program (strict <100 mmHg; numeric, boundary and time near-misses) is correct. Re-admit only after the miner's heading match is fixed (e.g. allow a 'main' or 'major' prefix) and the line is re-typed as exclusion.; The semantics are fine: strict <100, 100/70 and 102/71 not met, 97/68 met, and mm Hg is the same unit as mmHg. The criterion type is wrong. On ClinicalTrials.gov, NCT02202967 lists 'Hypotension: systolic blood pressure <100-mm Hg.' under 'MAIN EXCLUSION CRITERIA'. The miner's header regex ^(key )?exclusion criteria (scripts/ec_mine.py) does not match 'MAIN EXCLUSION CRITERIA', so every exclusion bullet of this trial was typed inclusion. Models would then be shown 'Inclusion criterion: Hypotension: ...'. Re-formalise with criterion_type exclusion; the trial's other candidates (warfarin, peptic_ulcer, bleeding) carry the same error."
k237,NCT07843017,exclusion,Oxygen requirement >4L/min to maintain acceptable peripheral oxygen saturation\*.,"The condition is an oxygen flow requirement above 4 L/min to keep an 'acceptable' saturation, which is defined only in a footnote. Flow rate is not in the inventory, and the SpO2 target is relative or undefined."
k238,NCT05368233,exclusion,"Deranged LFT, RFT or active respiratory illness pneumonia or COPD ( Spo2 below 94 on room air)","Several disjuncts (deranged LFT or RFT, active respiratory illness, pneumonia, COPD) with relative terms ('deranged'). SpO2 below 94 is tied to respiratory illness and to 'on room air', a condition on how the value was obtained."
k239,NCT06843356,exclusion,Concurrent anterior and posterior circulation strokes.,Narrower than the stroke concept: requires concurrent anterior and posterior circulation strokes. Cases never state stroke territory or concurrency.
k240,NCT02730455,exclusion,Seizure at the onset of stroke.,"The condition is a seizure at stroke onset. Seizure is not an inventory concept, and onset timing cannot be stated."
k241,NCT02643784,exclusion,Receiving medication with possible neuroprotective functions after stroke onset;,Vague drug class ('medication with possible neuroprotective functions') with timing after stroke onset. It is not an inventory concept.
k242,NCT01874093,exclusion,Minor stroke with non-disabling deficit or rapidly improving neurological symptoms.,"Relative or subjective terms (minor, non-disabling, rapidly improving), plus a disjunction with improving neurological symptoms. It is narrower than the stroke concept, whose lines include TIA and unspecified strokes."
k243,NCT03789409,inclusion,Patients who was diagnosed first ischemic stroke within preceeding 1 year through brain MRI/CT,"Narrower than the stroke concept: it requires a first-ever ischemic stroke, while the inventory lines (including dated events) include TIA and unspecified strokes. It also sets a condition on how the stroke was diagnosed (brain MRI/CT)."
k244,NCT07503548,exclusion,"• Established cardiovascular disease (history of MI, stroke, or revascularization)","A disjunction over concepts that cases do mention: MI (vascular) or stroke, plus revascularization (a procedure), under the umbrella 'established cardiovascular disease'."
k246,NCT00061373,exclusion,Seizure at the onset of stroke.,"The condition is a seizure at stroke onset. Seizure is not an inventory concept, and onset timing cannot be stated."
k251,NCT04596813,exclusion,Planned CPB temperature < 32 °C,"'Planned CPB temperature' is the target temperature planned for cardiopulmonary bypass during surgery: a plan (rule 2), not the patient's measured current temperature, and no inventory wording states it."
k252,NCT03496545,inclusion,one reading of body temperature ≥ 38.3 ºC,"'one reading of body temperature >= 38.3' counts any single reading over an unstated period. The program can test only the current value, which would narrow the criterion (rule 4), and an older dated reading >= 38.3 C (as time near-misses render) satisfies the text literally; the time scope is not explicit (rule 2)."
k253,NCT03096561,inclusion,Core temperature < 30° C measured in oesophagus at hospital admission,"Conditions on how and when the value was obtained: core temperature measured in the oesophagus at hospital admission (rules 1, 2). Cases give a site-less current temperature, and one test template is 'Temperature now <v> C (tympanic).'"
k254,NCT04815811,inclusion,"Temperature ≥ 38,5°C","one condition of a compound inclusion criterion ('(2) Pneumonia with pleural effusion with :'): necessary, not sufficient"
k255,NCT01321099,exclusion,Fever (body temperature > 37.5 °C),the trial enrols children or young people (registered age up to 3 years); adult cases would cover fewer than five years of age
k256,NCT03840031,exclusion,"Fever (body temperature >37.5 °C), on day 1 of the feeding scheme",Conjoined timing condition 'on day 1 of the feeding scheme': a study day that cases never state (cases are set at a screening visit) (rule 1).
k257,NCT00170547,exclusion,"Febrile illness temperature >= 37.5°C on Day 0, prior to enrollment and vaccination","Conjoined timing condition tied to the study schedule ('on Day 0, prior to enrollment and vaccination') that cases never state, and 'febrile illness' adds an illness requirement beyond the temperature value (rules 1, 2)."
k258,NCT03208361,exclusion,Axillary temperature> 40 ° C,"Condition on how the value was obtained: axillary site (rule 2). Cases give a site-less current temperature, and one test template is a tympanic reading ('Temperature now <v> C (tympanic).'), which a reader would not take as axillary."
k259,NCT01182597,exclusion,Myocardial infarction or cerebrovascular accident within one week,"Disjunction of two inventory concepts: myocardial infarction (vascular) or cerebrovascular accident (stroke) within one week; one condition must be decided by one concept, and stroke is a concept cases can state (rule 1)."
k262,NCT01619150,exclusion,"Subject with ischemic heart disease, peripheral arterial disease and/or cerebrovascular disease.","Three conditions: ischemic heart disease, peripheral arterial disease and/or cerebrovascular disease. Ischemic heart disease (cad, myocardial infarction) and cerebrovascular disease (stroke) are other inventory concepts that cases can state (rule 1), and 'with ischemic heart disease' does not settle whether a past infarction counts."
k263,NCT02679664,exclusion,"Peripheral arterial disease,","Concept is broader than the criterion. The program's concept 'vascular' is rule_v1's 'myocardial infarction or peripheral artery disease' (rules.py, rules_score.py, rules_grammar.py). The same trial lists 'Myocardial infarction (MI),' as a separate exclusion, so 'Peripheral arterial disease' means PAD only. Labels come out right only because both test-split present templates (phrases.py vascular present idx 4-5) happen to be PAD; present template idx 2 is an MI and would be labelled met. Half the rendered subject near-misses ('Her uncle is in the hospital with a heart attack.') change the condition as well as the person, so they are not subject near-misses of PAD. Rule 4: a broader condition is excluded (compare GI bleeding vs major bleeding at any site)."
k264,NCT00317512,exclusion,Previous Q-wave myocardial infarction,"Narrower than the concept (rule 4): case lines never say whether an infarction was Q-wave, and with times = ever the generator's flips include the vascular concept's peripheral artery disease lines, which an MI criterion does not count."
k265,NCT04974151,exclusion,Previously diagnosed myocardial infarction;,"Myocardial infarction only, but the non-window vascular concept also covers peripheral artery disease: with times = ever the generator's flips include 'Lives with peripheral artery disease affecting the left leg.' and 'Has symptomatic peripheral artery disease of both legs.' (confirmed by a dry render), which a reader of an MI criterion decides as not met (rule 4, narrower condition)."
k267,NCT00789802,exclusion,venous thromboembolism,"the parent line ('Contraindication to estrogen use, such as presence or history of:') qualifies its items"
k268,NCT04462003,exclusion,Patients with pulmonary embolism and hemodynamic instability requiring thrombolytic therapy,"Conjunction: pulmonary embolism with hemodynamic instability requiring thrombolytic therapy (another condition plus a treatment decision) (rule 1); PE alone would also be narrower than the vte concept, whose lines include DVT (rule 4)."
k270,NCT05369208,exclusion,History of arterial or venous thrombosis.,"Extra disjunct 'arterial thrombosis' is not a never-mentioned finding: it covers inventory concepts (myocardial infarction, stroke) that cases can state (rule 1); 'venous thrombosis' also only loosely covers the concept's pulmonary embolism lines."
k274,NCT03692065,exclusion,Isolated upper-extremity DVT or superior vena cava thrombosis,"Narrower than the vte concept (rule 4): only isolated upper-extremity DVT or superior vena cava thrombosis counts, so the concept's pulmonary embolism and leg DVT lines (e.g. 'Has an acute pulmonary embolism, diagnosed this week.') would be not met while the program counts them; SVC thrombosis is an extra finding."
k275,NCT00079508,exclusion,Ongoing treatment with warfarin (or other oral anticoagulant) at the time of enrollment.,Extra disjunct '(or other oral anticoagulant)' is a drug class (rule 1); the warfarin concept covers warfarin only.
k276,NCT06781554,exclusion,"Subjects with coagulopathies or taking anticoagulants (vitamin K antagonists, heparin);","Drug class: 'taking anticoagulants (vitamin K antagonists, heparin)' is broader than the warfarin concept (heparin, other vitamin K antagonists), and it is joined by a second condition (coagulopathies); a patient who never took warfarin is not thereby free of anticoagulants."
k277,NCT00976443,exclusion,Subject has taken warfarin (Coumadin) or clopidogrel (Plavix) in the week preceding EUS,"Second drug as a disjunct (clopidogrel) and a time window tied to a procedure ('in the week preceding EUS'); warfarin is not a dated-event concept, so window criteria are not possible."
k278,NCT01986192,exclusion,another indication for a warfarin,"Not about warfarin use: 'another indication for a warfarin' is an underlying condition that calls for warfarin, defined relative to the trial's own indication (venous thrombosis); no inventory concept decides it."
k279,NCT00786474,exclusion,Having one of the following surgeries or procedures during warfarin interruption:,"Header of a sub-list (cardiac surgery, neurosurgery, high-risk procedures): the condition is having one of the listed procedures during warfarin interruption, a planned procedure and not warfarin use; the list is not in the line."
k280,NCT01710852,exclusion,Current or expected use of any anticoagulant apart from warfarin or dabigatran,"Anticoagulants other than warfarin or dabigatran: warfarin is explicitly exempted, so the warfarin concept can never make the criterion apply; drug class plus 'expected use' (an intention)."
k282,NCT04366583,exclusion,"treatment with an anticoagulant (eg, warfarin)","Drug class: 'treatment with an anticoagulant', with warfarin given only as an example (eg), is broader than the warfarin concept; never taking warfarin does not settle it."
k283,NCT00671580,inclusion,"WBC (>10,000 cells/mm3)","In the registry (NCT00671580) this line is a sub-bullet of inclusion item 5, 'At least ONE of the following systemic signs of infection': temperature >=38.0 C, WBC >10,000 cells/mm3, or immature neutrophils >10% band forms. The real criterion is therefore a disjunction with another vital sign (temperature, which is itself an inventory concept) and another lab, so rule 1 excludes it. Showing the one disjunct as 'Inclusion criterion: WBC > 10 x10^9/L' narrows the trial's criterion: a patient with a fever and WBC 8 meets item 5, but the program says not met. That breaks rule 9, and dropping the list context appears only in the notes, not in simplifications. The conversion (exactly 10 x10^9/L, strict >) is correct, but that does not save it.; This line is not a criterion on its own. ClinicalTrials.gov shows 'WBC (>10,000 cells/mm3)' as one bullet under inclusion item 5 of NCT00671580, 'At least ONE of the following systemic signs of infection': temperature >=100.4 F / >=38.0 C, OR WBC >10,000 cells/mm3, OR >10% band forms. The registered criterion is therefore a disjunction with a vital sign (temperature, which is itself an inventory concept) and another lab (band forms), and rule 1 excludes that. Showing the WBC alternative alone as 'Inclusion criterion: WBC > 10 x10^9/L' narrows what the trial required: a febrile patient with WBC 8 meets the registered criterion but not the rule text. That breaks rule 9. The change is mentioned only in notes, not in simplifications or other_disjuncts, and the H3 sign-off sheet shows only the bare line, so reviewers would not see it. Apart from this, the conversion (10,000/mm3 = 10 x10^9/L) and the strict-> boundary are correct."
k284,NCT06982105,inclusion,"Systemic finding- fever >38oC, or elevated CRP or elevated ESR or elevated WBC OR","Several disjuncts (fever >38 C, CRP, ESR, WBC) with the relative term 'elevated' and no WBC threshold; the trailing 'OR' shows the line is part of a larger disjunction."
k285,NCT04226950,exclusion,WBC<4× 109 / L,the trial enrols children or young people (registered age up to 19 years); adult cases would cover fewer than five years of age
k286,NCT02052388,inclusion,"WBC count > 10,000/mm3","In the registry (NCT02052388) 'WBC count > 10,000/mm3' is sub-item 2 of the inclusion 'Have one or more of the following systemic signs:'. The other options are temperature >=38 C, >10% bands, CRP >40 mg/L (if tested) and lymphadenitis or lymphadenopathy. The real criterion is a disjunction with a vital sign (temperature, an inventory concept), two other labs and a finding, so rule 1 excludes it. Using WBC alone as an inclusion criterion narrows the trial's requirement, which breaks rule 9, and leaving out the list context is not listed in simplifications. The exact conversion and strict > are otherwise correct.; This line is not a criterion on its own. ClinicalTrials.gov shows 'WBC count > 10,000/mm3' as sub-item 2 of NCT02052388's inclusion 'Have one or more of the following systemic signs'. The full list is: temperature >= 38 C; WBC > 10,000/mm3; >10% bands or other immature neutrophils; CRP > 40 mg/L if tested; lymphadenitis or lymphadenopathy. The registered criterion is a disjunction with a vital sign (temperature, an inventory concept), other labs (bands, CRP) and a finding, which rule 1 excludes. Presenting the WBC alternative as the whole inclusion criterion narrows what the trial required, which breaks rule 9. The change is mentioned only in notes, not in simplifications or other_disjuncts, so H3 reviewers would not see it. Apart from this, the conversion (10,000/mm3 = 10 x10^9/L, exact) and the strict-> boundary are correct."
k288,NCT04327791,inclusion,Weight > 40 kg,"the threshold 40 lies at or outside the plausible range 45-160, so the cases on one side would be implausible for a screening visit"
k289,NCT00303459,exclusion,Body weight < 40 kg,"the threshold 40 lies at or outside the plausible range 45-160, so the cases on one side would be implausible for a screening visit"
k290,NCT02966028,exclusion,Weight above 300 lbs (136 kg),"Approximate conversion in the text itself: 300 lbs = 136.08 kg, not 136 kg, so the two stated thresholds disagree for weights between 136 and 136.08 kg; restating in kg would rely on the approximate value."
k292,NCT03474523,exclusion,Weight fluctuation above 2 kg in the last six months,"Weight fluctuation over the last six months is a change between weights over a window, not a weight value; cases state one current weight (and at most one older value), and weight is not a dated-event concept."
k293,NCT01509222,exclusion,Having gained or lost more than 5 kg of body weight during the last 6 months.,"Weight gain or loss of more than 5 kg during the last 6 months is a change over a window, not a weight value; the current weight cannot decide it, and weight is not a dated-event concept."
k294,NCT02129595,inclusion,Stable dietary habits: no weight gain or loss > 5kg in the last three months,"Conjunction of stable dietary habits with no weight gain or loss > 5 kg in the last three months; the weight part is a change over a window, not a weight value."
