time,utilization.gpu,memory.used.MiB
2026-10-03T15:26:18Z,0.0,19692.0
2026-10-03T15:26:50Z,100.0,36174.0
2026-10-03T15:27:21Z,100.0,36178.0
2026-10-03T15:27:51Z,100.0,36178.0
2026-10-03T15:28:22Z,95.0,36180.0
2026-10-03T15:28:52Z,100.0,36180.0
2026-10-03T15:29:22Z,100.0,36180.0
2026-10-03T15:29:53Z,100.0,36180.0
2026-10-03T15:30:23Z,100.0,36180.0
2026-10-03T15:30:54Z,100.0,36180.0
2026-10-03T15:31:24Z,100.0,36180.0
2026-10-03T15:31:55Z,100.0,36180.0
2026-10-03T15:32:25Z,100.0,36180.0
2026-10-03T15:32:56Z,100.0,36180.0
2026-10-03T15:33:26Z,100.0,36180.0
2026-10-03T15:33:56Z,100.0,36180.0
2026-10-03T15:34:27Z,100.0,36180.0
2026-10-03T15:34:57Z,100.0,36180.0
2026-10-03T15:35:27Z,95.0,36180.0
2026-10-03T15:35:59Z,100.0,36180.0
2026-10-03T15:36:29Z,100.0,36180.0
2026-10-03T15:36:59Z,94.0,36188.0
2026-10-03T15:37:30Z,100.0,36188.0
2026-10-03T15:38:01Z,100.0,36188.0
2026-10-03T15:38:31Z,100.0,36188.0
2026-10-03T15:39:02Z,100.0,36188.0
2026-10-03T15:39:32Z,100.0,36188.0
2026-10-03T15:40:02Z,100.0,36188.0
2026-10-03T15:40:33Z,100.0,36188.0
2026-10-03T15:41:03Z,100.0,36188.0
2026-10-03T15:41:34Z,100.0,36188.0
2026-10-03T15:42:04Z,100.0,36928.0
2026-10-03T15:42:35Z,100.0,36928.0
2026-10-03T15:43:05Z,100.0,36928.0
2026-10-03T15:43:35Z,94.0,36928.0
2026-10-03T15:44:06Z,100.0,36928.0
2026-10-03T15:44:36Z,100.0,37588.0
2026-10-03T15:45:07Z,100.0,37588.0
2026-10-03T15:45:37Z,100.0,37588.0
2026-10-03T15:46:08Z,100.0,37588.0
2026-10-03T15:46:38Z,0.0,37588.0
2026-10-03T15:47:09Z,2.0,37588.0
2026-10-03T15:47:39Z,95.0,37588.0
2026-10-03T15:48:09Z,100.0,37588.0
2026-10-03T15:48:40Z,100.0,37588.0
2026-10-03T15:49:10Z,100.0,37588.0
2026-10-03T15:49:40Z,100.0,37588.0
2026-10-03T15:50:11Z,100.0,37588.0
2026-10-03T15:50:41Z,100.0,37588.0
2026-10-03T15:51:12Z,100.0,37588.0
2026-10-03T15:51:42Z,99.0,37588.0
2026-10-03T15:52:13Z,100.0,37588.0
2026-10-03T15:52:43Z,100.0,37588.0
2026-10-03T15:53:13Z,100.0,37588.0
2026-10-03T15:53:44Z,100.0,37588.0
2026-10-03T15:54:14Z,100.0,37588.0
2026-10-03T15:54:45Z,100.0,37588.0
2026-10-03T15:55:15Z,100.0,37588.0
2026-10-03T15:55:45Z,100.0,37588.0
2026-10-03T15:56:16Z,95.0,37588.0
2026-10-03T15:56:46Z,100.0,37588.0
2026-10-03T15:57:16Z,100.0,37588.0
2026-10-03T15:57:47Z,100.0,37588.0
2026-10-03T15:58:17Z,100.0,37588.0
2026-10-03T15:58:48Z,100.0,37588.0
2026-10-03T15:59:18Z,100.0,37588.0
2026-10-03T15:59:48Z,100.0,37588.0
2026-10-03T16:00:19Z,100.0,37588.0
2026-10-03T16:00:49Z,100.0,37588.0
2026-10-03T16:01:19Z,100.0,37588.0
2026-10-03T16:01:50Z,100.0,37588.0
2026-10-03T16:03:00Z,100.0,37588.0
2026-10-03T16:03:30Z,95.0,37588.0
2026-10-03T16:04:01Z,100.0,37588.0
2026-10-03T16:04:31Z,100.0,37588.0
2026-10-03T16:05:02Z,100.0,37588.0
2026-10-03T16:05:32Z,100.0,37588.0
2026-10-03T16:06:03Z,100.0,37588.0
2026-10-03T16:06:33Z,100.0,37588.0
2026-10-03T16:07:03Z,0.0,37588.0
2026-10-03T16:07:34Z,0.0,37588.0
2026-10-03T16:08:04Z,100.0,37588.0
2026-10-03T16:08:35Z,100.0,37588.0
2026-10-03T16:09:05Z,100.0,37588.0
2026-10-03T16:09:35Z,100.0,37588.0
2026-10-03T16:10:06Z,100.0,37588.0
2026-10-03T16:10:37Z,100.0,37588.0
2026-10-03T16:11:08Z,100.0,37588.0
2026-10-03T16:11:38Z,40.0,37588.0
2026-10-03T16:12:08Z,100.0,37588.0
2026-10-03T16:12:39Z,17.0,37588.0
2026-10-03T16:13:09Z,100.0,37588.0
2026-10-03T16:13:39Z,100.0,37588.0
2026-10-03T16:14:10Z,100.0,37588.0
2026-10-03T16:14:40Z,100.0,37588.0
2026-10-03T16:15:11Z,100.0,37588.0
2026-10-03T16:15:41Z,90.0,37588.0
2026-10-03T16:16:12Z,100.0,37588.0
2026-10-03T16:16:42Z,100.0,37588.0
2026-10-03T16:17:12Z,92.0,37588.0
2026-10-03T16:17:43Z,100.0,37588.0
2026-10-03T16:18:13Z,100.0,37588.0
2026-10-03T16:18:43Z,100.0,37588.0
2026-10-03T16:19:14Z,100.0,37588.0
2026-10-03T16:19:44Z,100.0,37588.0
2026-10-03T16:20:15Z,100.0,37588.0
2026-10-03T16:20:46Z,96.0,37588.0
2026-10-03T16:21:16Z,100.0,37588.0
2026-10-03T16:21:46Z,100.0,37588.0
2026-10-03T16:22:17Z,100.0,37588.0
2026-10-03T16:22:47Z,95.0,37588.0
2026-10-03T16:23:18Z,100.0,37588.0
2026-10-03T16:23:48Z,100.0,37588.0
2026-10-03T16:24:18Z,100.0,37588.0
2026-10-03T16:24:49Z,100.0,37588.0
2026-10-03T16:25:19Z,100.0,37588.0
2026-10-03T16:25:50Z,100.0,37588.0
2026-10-03T16:26:20Z,80.0,37588.0
2026-10-03T16:26:51Z,0.0,37588.0
2026-10-03T16:27:21Z,100.0,37588.0
2026-10-03T16:27:52Z,100.0,37588.0
2026-10-03T16:28:22Z,100.0,37588.0
2026-10-03T16:28:52Z,100.0,37588.0
2026-10-03T16:29:23Z,100.0,37588.0
2026-10-03T16:29:53Z,100.0,37588.0
2026-10-03T16:30:23Z,100.0,37588.0
2026-10-03T16:30:54Z,100.0,37588.0
2026-10-03T16:31:24Z,100.0,37588.0
2026-10-03T16:31:54Z,100.0,37588.0
2026-10-03T16:32:25Z,95.0,37588.0
2026-10-03T16:32:55Z,100.0,37588.0
2026-10-03T16:33:26Z,100.0,37588.0
2026-10-03T16:33:56Z,100.0,37588.0
2026-10-03T16:34:27Z,100.0,37588.0
2026-10-03T16:34:57Z,100.0,37588.0
2026-10-03T16:35:28Z,100.0,37588.0
2026-10-03T16:35:59Z,95.0,37588.0
2026-10-03T16:36:29Z,100.0,37588.0
2026-10-03T16:36:59Z,100.0,37588.0
2026-10-03T16:37:30Z,100.0,37588.0
2026-10-03T16:38:00Z,100.0,37588.0
2026-10-03T16:38:31Z,100.0,37588.0
2026-10-03T16:39:01Z,92.0,37588.0
2026-10-03T16:39:31Z,100.0,37588.0
2026-10-03T16:40:02Z,100.0,37588.0
2026-10-03T16:40:32Z,100.0,37588.0
2026-10-03T16:41:03Z,100.0,37588.0
2026-10-03T16:41:33Z,100.0,37588.0
2026-10-03T16:42:04Z,100.0,37588.0
2026-10-03T16:42:34Z,100.0,37588.0
2026-10-03T16:43:05Z,100.0,37588.0
2026-10-03T16:43:36Z,100.0,37588.0
2026-10-03T16:44:06Z,100.0,37588.0
2026-10-03T16:44:36Z,100.0,37588.0
2026-10-03T16:45:07Z,100.0,37588.0
2026-10-03T16:45:38Z,100.0,37588.0
2026-10-03T16:46:08Z,100.0,37588.0
2026-10-03T16:46:39Z,100.0,37588.0
2026-10-03T16:47:09Z,0.0,37588.0
2026-10-03T16:48:06Z,0.0,37588.0
2026-10-03T16:49:21Z,100.0,37588.0
2026-10-03T16:49:51Z,100.0,37588.0
2026-10-03T16:50:22Z,92.0,37588.0
2026-10-03T16:50:52Z,100.0,37588.0
2026-10-03T16:51:22Z,100.0,37588.0
2026-10-03T16:51:53Z,100.0,37588.0
2026-10-03T16:52:23Z,100.0,37588.0
2026-10-03T16:52:54Z,100.0,37588.0
2026-10-03T16:53:24Z,100.0,37588.0
2026-10-03T16:53:54Z,100.0,37588.0
2026-10-03T16:54:25Z,100.0,37588.0
2026-10-03T16:54:55Z,100.0,37588.0
2026-10-03T16:55:26Z,100.0,37588.0
2026-10-03T16:55:56Z,100.0,37588.0
2026-10-03T16:56:27Z,91.0,37588.0
2026-10-03T16:57:06Z,100.0,37588.0
2026-10-03T16:57:37Z,100.0,37588.0
2026-10-03T16:58:07Z,100.0,37588.0
2026-10-03T16:58:38Z,100.0,37588.0
2026-10-03T16:59:08Z,100.0,37588.0
2026-10-03T16:59:39Z,100.0,37588.0
2026-10-03T17:00:09Z,100.0,37588.0
2026-10-03T17:00:40Z,100.0,37588.0
2026-10-03T17:01:10Z,100.0,37588.0
2026-10-03T17:01:40Z,100.0,37588.0
2026-10-03T17:02:11Z,100.0,37588.0
2026-10-03T17:02:41Z,100.0,37588.0
2026-10-03T17:03:11Z,100.0,37588.0
2026-10-03T17:03:42Z,100.0,37588.0
2026-10-03T17:04:12Z,100.0,37588.0
2026-10-03T17:04:43Z,100.0,37588.0
2026-10-03T17:05:13Z,100.0,37588.0
2026-10-03T17:05:44Z,95.0,37588.0
2026-10-03T17:06:14Z,94.0,37588.0
2026-10-03T17:06:45Z,0.0,37588.0
2026-10-03T17:07:15Z,0.0,37588.0
2026-10-03T17:07:45Z,100.0,37588.0
2026-10-03T17:08:16Z,100.0,37588.0
2026-10-03T17:08:46Z,100.0,37588.0
2026-10-03T17:09:17Z,100.0,37588.0
2026-10-03T17:09:48Z,100.0,37588.0
2026-10-03T17:10:18Z,100.0,37588.0
2026-10-03T17:10:49Z,100.0,37588.0
2026-10-03T17:11:20Z,0.0,37588.0
2026-10-03T17:11:51Z,0.0,37588.0
2026-10-03T17:12:21Z,97.0,37588.0
2026-10-03T17:12:51Z,100.0,45308.0
2026-10-03T17:13:21Z,100.0,45308.0
2026-10-03T17:13:52Z,100.0,45308.0
2026-10-03T17:14:22Z,0.0,45308.0
2026-10-03T17:14:57Z,88.0,45308.0
2026-10-03T17:15:27Z,98.0,45308.0
2026-10-03T17:15:58Z,92.0,45308.0
2026-10-03T17:16:28Z,98.0,45308.0
2026-10-03T17:16:58Z,100.0,45308.0
2026-10-03T17:17:29Z,100.0,45308.0
2026-10-03T17:17:59Z,98.0,45308.0
2026-10-03T17:18:30Z,100.0,45308.0
2026-10-03T17:19:00Z,100.0,45548.0
2026-10-03T17:19:31Z,90.0,46728.0
2026-10-03T17:20:35Z,98.0,50068.0
2026-10-03T17:21:05Z,100.0,50068.0
2026-10-03T17:21:35Z,97.0,50068.0
2026-10-03T17:22:06Z,100.0,50068.0
2026-10-03T17:22:37Z,100.0,50068.0
2026-10-03T17:23:07Z,100.0,50068.0
2026-10-03T17:23:37Z,100.0,50068.0
2026-10-03T17:24:08Z,96.0,50068.0
2026-10-03T17:24:38Z,100.0,50068.0
2026-10-03T17:25:09Z,100.0,50068.0
2026-10-03T17:25:39Z,100.0,50068.0
2026-10-03T17:26:09Z,100.0,50068.0
2026-10-03T17:26:40Z,100.0,50068.0
2026-10-03T17:27:10Z,100.0,50068.0
2026-10-03T17:27:41Z,100.0,50068.0
2026-10-03T17:28:11Z,100.0,50068.0
2026-10-03T17:28:42Z,99.0,50068.0
2026-10-03T17:29:12Z,96.0,50068.0
2026-10-03T17:29:43Z,100.0,50068.0
2026-10-03T17:30:13Z,100.0,50068.0
2026-10-03T17:30:43Z,100.0,50068.0
2026-10-03T17:31:14Z,92.0,50068.0
