case,tid,case_kind,edit_type,near_miss_kind,note_type,item,stated_points,q1_only_change,q2_states_fact,q3_points_right,comment
1,mcv_test_00041_03_s_negation,flip,sentence,negation,human,Hypertension history,1,,,,
2,mcv_test_00477_01_s_subject,near,sentence,subject,human,Myocardial infarction,0,,,,
3,mcv_test_00403_04_s_time,flip,sentence,time,human,Melena present,1,,,,
4,mcv_test_00470_00_v_age,near,value,numeric,human,Age,0,,,,
5,mcv_test_00474_04_s_negation,flip,sentence,negation,human,Cerebrovascular accident or transient ischemic attack,1,,,,
6,mcv_test_00122_06_s_subject,near,sentence,subject,human,Malignancy with treatment within 6 months or palliative,0,,,,
7,mcv_test_00402_07_s_time,flip,sentence,time,human,Cardiac failure present,2,,,,
8,mcv_test_00465_00_v_age,near,value,numeric,human,Age,2,,,,
9,mcv_test_00051_04_s_negation,flip,sentence,negation,human,"Stroke, Transient Ischemic Attack (TIA), or Thromboembolism history",2,,,,
10,mcv_test_00245_03_s_subject,near,sentence,subject,human,History of cerebrovascular disease,0,,,,
11,mcv_test_00227_03_s_time,flip,sentence,time,model,Collateral (nonvaricose) superficial veins present,1,,,,
12,mcv_test_00931_04_v_heart_rate_or_pulse,near,value,numeric,model,Heart rate,0,,,,
13,mcv_test_00129_06_s_negation,flip,sentence,negation,human,Malignancy with treatment within 6 months or palliative,1,,,,
14,mcv_test_00471_16_s_subject,near,sentence,subject,human,AIDS,0,,,,
15,mcv_test_00417_04_s_time,flip,sentence,time,human,Melena present,1,,,,
16,mcv_test_00643_03_v_white_blood_cell_count,near,value,numeric,human,White blood cell count (WBC),0,,,,
17,mcv_test_00411_06_s_negation,flip,sentence,negation,human,Hepatic disease history,2,,,,
18,mcv_test_00980_27_s_subject,near,sentence,subject,model,Chronic obstructive pulmonary disease (COPD),0,,,,
19,mcv_test_00415_04_s_time,flip,sentence,time,human,Melena present,1,,,,
20,mcv_test_00883_17_v_hematocrit,near,value,numeric,model,Hematocrit,0,,,,
21,mcv_test_00463_04_s_negation,flip,sentence,negation,human,Cerebrovascular accident or transient ischemic attack,1,,,,
22,mcv_test_00963_07_s_subject,near,sentence,subject,model,"Hip, pelvis, or leg fracture",0,,,,
23,mcv_test_00420_07_s_time,flip,sentence,time,human,Cardiac failure present,2,,,,
24,mcv_test_00640_01_v_heart_rate_or_pulse,near,value,numeric,human,Heart Rate (HR),0,,,,
25,mcv_test_00476_01_s_negation,flip,sentence,negation,human,Myocardial infarction,1,,,,
26,mcv_test_00364_02_s_subject,near,sentence,subject,human,Liver disease,0,,,,
27,mcv_test_00418_04_s_time,flip,sentence,time,human,Melena present,1,,,,
28,mcv_test_00890_10_v_systolic_blood_pressure,near,value,numeric,model,Systolic blood pressure,0,,,,
29,mcv_test_00420_07_s_negation,flip,sentence,negation,human,Cardiac failure present,2,,,,
30,mcv_test_00468_16_s_subject,near,sentence,subject,human,AIDS,0,,,,
31,mcv_test_00416_04_s_time,flip,sentence,time,human,Melena present,1,,,,
32,mcv_test_00888_17_v_hematocrit,near,value,numeric,model,Hematocrit,0,,,,
33,mcv_test_00890_03_s_negation,flip,sentence,negation,model,Neoplastic disease,30,,,,
34,mcv_test_00496_03_s_subject,near,sentence,subject,human,Purulent tonsils,0,,,,
35,mcv_test_00408_07_s_time,flip,sentence,time,human,Cardiac failure present,2,,,,
36,mcv_test_00895_13_v_ph,near,value,numeric,model,pH,0,,,,
37,mcv_test_00477_02_s_negation,flip,sentence,negation,human,Congestive heart failure,1,,,,
38,mcv_test_00243_04_s_subject,near,sentence,subject,human,Pre-operative treatment with insulin,0,,,,
39,mcv_test_00412_07_s_time,flip,sentence,time,human,Cardiac failure present,2,,,,
40,mcv_test_00405_03_v_heart_rate_or_pulse,near,value,numeric,human,Pulse,1,,,,
41,mcv_test_00472_08_s_negation_past,flip,sentence,negation,human,Peptic ulcer disease,1,,,,
42,mcv_test_00472_08_s_subject,near,sentence,subject,human,Peptic ulcer disease,0,,,,
43,mcv_test_00409_04_s_time,flip,sentence,time,human,Melena present,1,,,,
44,mcv_test_00553_04_v_age,near,value,numeric,human,Age,1,,,,
45,mcv_test_00134_04_s_negation_past,flip,sentence,negation,human,"Previous, objectively diagnosed PE or DVT",1.5,,,,
46,mcv_test_00412_07_s_subject,near,sentence,subject,human,Cardiac failure present,0,,,,
47,mcv_test_00414_04_s_time,flip,sentence,time,human,Melena present,1,,,,
48,mcv_test_00548_03_v_diastolic_blood_pressure,near,value,numeric,human,Systolic BP or Diastolic BP,0,,,,
49,mcv_test_00418_06_s_negation,flip,sentence,negation,human,Hepatic disease history,2,,,,
50,mcv_test_00122_05_s_subject,near,sentence,subject,human,Hemoptysis,0,,,,
51,mcv_test_00411_07_s_time,flip,sentence,time,human,Cardiac failure present,2,,,,
52,mcv_test_00894_09_v_respiratory_rate,near,value,numeric,model,Respiratory rate,0,,,,
53,mcv_test_00470_03_s_negation,flip,sentence,negation,human,Peripheral vascular disease,1,,,,
54,mcv_test_00464_08_s_subject,near,sentence,subject,human,Peptic ulcer disease,0,,,,
55,mcv_test_00405_07_s_time,flip,sentence,time,human,Cardiac failure present,2,,,,
56,mcv_test_00891_13_v_ph,near,value,numeric,model,pH,0,,,,
57,mcv_test_00462_08_s_negation,flip,sentence,negation,human,Peptic ulcer disease,1,,,,
58,mcv_test_00980_05_s_subject,near,sentence,subject,model,Pneumonia,0,,,,
59,mcv_test_00406_07_s_time,flip,sentence,time,human,Cardiac failure present,2,,,,
60,mcv_test_00261_02_v_age,near,value,numeric,human,Age,0,,,,
61,mcv_test_00045_02_s_negation,flip,sentence,negation,human,Congestive Heart Failure (CHF) history,1,,,,
62,mcv_test_00128_06_s_subject,near,sentence,subject,human,Malignancy with treatment within 6 months or palliative,0,,,,
63,mcv_test_00231_03_s_time,flip,sentence,time,model,Collateral (nonvaricose) superficial veins present,1,,,,
64,mcv_test_00928_06_v_pao2,near,value,numeric,model,Oxygenation,0,,,,
65,mcv_test_00132_05_s_negation,flip,sentence,negation,human,Hemoptysis,1,,,,
66,mcv_test_00412_06_s_subject,near,sentence,subject,human,Hepatic disease history,0,,,,
67,mcv_test_00402_04_s_time,flip,sentence,time,human,Melena present,1,,,,
68,mcv_test_00628_00_v_age,near,value,numeric,human,Age,0,,,,
69,mcv_test_00473_15_s_negation,flip,sentence,negation,human,Lymphoma,2,,,,
70,mcv_test_00475_16_s_subject,near,sentence,subject,human,AIDS,0,,,,
71,mcv_test_00404_07_s_time,flip,sentence,time,human,Cardiac failure present,2,,,,
72,mcv_test_00640_00_v_age,near,value,numeric,human,Age,0,,,,
73,mcv_test_00134_04_s_negation,flip,sentence,negation,human,"Previous, objectively diagnosed PE or DVT",1.5,,,,
74,mcv_test_00475_01_s_subject,near,sentence,subject,human,Myocardial infarction,0,,,,
75,mcv_test_00409_07_s_time,flip,sentence,time,human,Cardiac failure present,2,,,,
76,mcv_test_00960_05_v_creatinine,near,value,numeric,model,Creatinine or urine output,1,,,,
77,mcv_test_00246_02_s_negation,flip,sentence,negation,human,History of congestive heart failure,1,,,,
78,mcv_test_00467_11_s_subject,near,sentence,subject,human,Hemiplegia,0,,,,
79,mcv_test_00407_04_s_time,flip,sentence,time,human,Melena present,1,,,,
80,mcv_test_00650_02_v_respiratory_rate,near,value,numeric,human,Respiratory rate or PaCO₂,1,,,,
81,mcv_test_00138_00_s_negation,flip,sentence,negation,human,Clinical signs and symptoms of DVT,3,,,,
82,mcv_test_00478_07_s_subject,near,sentence,subject,human,Connective tissue disease,0,,,,
83,mcv_test_00401_07_s_time,flip,sentence,time,human,Cardiac failure present,2,,,,
84,mcv_test_00929_00_v_age,near,value,numeric,model,Age,3,,,,
85,mcv_test_00473_01_s_negation_past,flip,sentence,negation,human,Myocardial infarction,1,,,,
86,mcv_test_00473_04_s_subject,near,sentence,subject,human,Cerebrovascular accident or transient ischemic attack,0,,,,
87,mcv_test_00407_07_s_time,flip,sentence,time,human,Cardiac failure present,2,,,,
88,mcv_test_00923_06_v_a_a_gradient,near,value,numeric,model,Oxygenation,2,,,,
89,mcv_test_00964_13_s_negation,flip,sentence,negation,model,Current central venous access,2,,,,
90,mcv_test_00056_03_s_subject,near,sentence,subject,human,Hypertension history,0,,,,
91,mcv_test_00417_07_s_time,flip,sentence,time,human,Cardiac failure present,2,,,,
92,mcv_test_00411_03_v_heart_rate_or_pulse,near,value,numeric,human,Pulse,0,,,,
93,mcv_test_00413_06_s_negation_past,flip,sentence,negation,human,Hepatic disease history,2,,,,
94,mcv_test_00045_02_s_subject,near,sentence,subject,human,Congestive Heart Failure (CHF) history,0,,,,
95,mcv_test_00268_02_v_age,flip,value,numeric,human,Age,2,,,,
96,mcv_test_00055_04_s_negation,near,sentence,negation,human,"Stroke, Transient Ischemic Attack (TIA), or Thromboembolism history",0,,,,
97,mcv_test_00256_02_s_subject,flip,sentence,subject,human,History of congestive heart failure,1,,,,
98,mcv_test_00884_17_v_hematocrit,near,value,numeric,model,Hematocrit,0,,,,
99,mcv_test_00401_05_s_negation,flip,sentence,negation,human,Recent syncope,2,,,,
100,mcv_test_00377_01_s_subject,near,sentence,subject,model,Renal disease,0,,,,
