run_id,owner,pool,paper_item,kind,what,data,seed,runtime,est_hours,measured_hours,priority,depends_on,status,notes
B-C0,B,no,Sec5,code,"finetune.py (verdict, rationale, summary2, value-ledger2, ledger2), eval_local.py, train-then-eval job, adapter retention policy",-,-,GPU,6,0.75,P0,-,done,"code + CPU self-test + NRP env; smoke comparison B-C0-smoke-verdict-{blocks,triplets}-s0 on A100 (GPU hours = the two smoke runs from meta.json; plus ~0.2 h of an aborted first attempt); provisional report docs/SMOKE_B_C0.md"
B-T0,B,no,AppG,timing,200-step timing per format on rule_v1 or smoke; update est_hours,-,-,GPU,0.5,,P0,-,running,"queued as B-T0-<format> x5 in queue b_smoke (NRP A100, per-device 16 x accum 4)"
B-F-verdict-natural-s0,B,yes,"Tab3,Tab4",train+eval,verdict x natural,rule_v1/natural,0,GPU,0.8,,P0,"A-D4,B-C0",todo,
B-F-verdict-natural-s1,B,yes,"Tab3,Tab4",train+eval,verdict x natural,rule_v1/natural,1,GPU,0.8,,P1,"A-D4,B-C0",todo,
B-F-verdict-natural-s2,B,yes,"Tab3,Tab4",train+eval,verdict x natural,rule_v1/natural,2,GPU,0.8,,P1,"A-D4,B-C0",todo,
B-F-verdict-natural-s3,B,yes,"Tab3,Tab4",train+eval,verdict x natural,rule_v1/natural,3,GPU,0.8,,P2,"A-D4,B-C0",todo,
B-F-verdict-natural-s4,B,yes,"Tab3,Tab4",train+eval,verdict x natural,rule_v1/natural,4,GPU,0.8,,P2,"A-D4,B-C0",todo,
B-F-verdict-balanced-s0,B,yes,"Tab3,Tab4",train+eval,verdict x balanced,rule_v1/balanced,0,GPU,0.8,,P0,"A-D4,B-C0",todo,
B-F-verdict-balanced-s1,B,yes,"Tab3,Tab4",train+eval,verdict x balanced,rule_v1/balanced,1,GPU,0.8,,P1,"A-D4,B-C0",todo,
B-F-verdict-balanced-s2,B,yes,"Tab3,Tab4",train+eval,verdict x balanced,rule_v1/balanced,2,GPU,0.8,,P1,"A-D4,B-C0",todo,
B-F-verdict-balanced-s3,B,yes,"Tab3,Tab4",train+eval,verdict x balanced,rule_v1/balanced,3,GPU,0.8,,P2,"A-D4,B-C0",todo,
B-F-verdict-balanced-s4,B,yes,"Tab3,Tab4",train+eval,verdict x balanced,rule_v1/balanced,4,GPU,0.8,,P2,"A-D4,B-C0",todo,
B-F-verdict-blocks-s0,B,yes,"Tab3,Tab4",train+eval,verdict x blocks,rule_v1/blocks,0,GPU,0.8,,P0,"A-D4,B-C0",todo,
B-F-verdict-blocks-s1,B,yes,"Tab3,Tab4",train+eval,verdict x blocks,rule_v1/blocks,1,GPU,0.8,,P0,"A-D4,B-C0",todo,
B-F-verdict-blocks-s2,B,yes,"Tab3,Tab4",train+eval,verdict x blocks,rule_v1/blocks,2,GPU,0.8,,P0,"A-D4,B-C0",todo,
B-F-verdict-blocks-s3,B,yes,"Tab3,Tab4",train+eval,verdict x blocks,rule_v1/blocks,3,GPU,0.8,,P2,"A-D4,B-C0",todo,
B-F-verdict-blocks-s4,B,yes,"Tab3,Tab4",train+eval,verdict x blocks,rule_v1/blocks,4,GPU,0.8,,P2,"A-D4,B-C0",todo,
B-F-verdict-triplets-s0,B,yes,"Tab3,Tab4",train+eval,verdict x triplets,rule_v1/triplets,0,GPU,0.8,,P0,"A-D4,B-C0",todo,
B-F-verdict-triplets-s1,B,yes,"Tab3,Tab4",train+eval,verdict x triplets,rule_v1/triplets,1,GPU,0.8,,P0,"A-D4,B-C0",todo,
B-F-verdict-triplets-s2,B,yes,"Tab3,Tab4",train+eval,verdict x triplets,rule_v1/triplets,2,GPU,0.8,,P0,"A-D4,B-C0",todo,
B-F-verdict-triplets-s3,B,yes,"Tab3,Tab4",train+eval,verdict x triplets,rule_v1/triplets,3,GPU,0.8,,P2,"A-D4,B-C0",todo,
B-F-verdict-triplets-s4,B,yes,"Tab3,Tab4",train+eval,verdict x triplets,rule_v1/triplets,4,GPU,0.8,,P2,"A-D4,B-C0",todo,
B-F-rationale-natural-s0,B,yes,"Tab3,Tab4",train+eval,rationale x natural,rule_v1/natural,0,GPU,0.8,,P0,"A-D4,B-C0",todo,
B-F-rationale-natural-s1,B,yes,"Tab3,Tab4",train+eval,rationale x natural,rule_v1/natural,1,GPU,0.8,,P1,"A-D4,B-C0",todo,
B-F-rationale-natural-s2,B,yes,"Tab3,Tab4",train+eval,rationale x natural,rule_v1/natural,2,GPU,0.8,,P1,"A-D4,B-C0",todo,
B-F-rationale-natural-s3,B,yes,"Tab3,Tab4",train+eval,rationale x natural,rule_v1/natural,3,GPU,0.8,,P2,"A-D4,B-C0",todo,
B-F-rationale-natural-s4,B,yes,"Tab3,Tab4",train+eval,rationale x natural,rule_v1/natural,4,GPU,0.8,,P2,"A-D4,B-C0",todo,
B-F-rationale-balanced-s0,B,yes,"Tab3,Tab4",train+eval,rationale x balanced,rule_v1/balanced,0,GPU,0.8,,P0,"A-D4,B-C0",todo,
B-F-rationale-balanced-s1,B,yes,"Tab3,Tab4",train+eval,rationale x balanced,rule_v1/balanced,1,GPU,0.8,,P1,"A-D4,B-C0",todo,
B-F-rationale-balanced-s2,B,yes,"Tab3,Tab4",train+eval,rationale x balanced,rule_v1/balanced,2,GPU,0.8,,P1,"A-D4,B-C0",todo,
B-F-rationale-balanced-s3,B,yes,"Tab3,Tab4",train+eval,rationale x balanced,rule_v1/balanced,3,GPU,0.8,,P2,"A-D4,B-C0",todo,
B-F-rationale-balanced-s4,B,yes,"Tab3,Tab4",train+eval,rationale x balanced,rule_v1/balanced,4,GPU,0.8,,P2,"A-D4,B-C0",todo,
B-F-rationale-blocks-s0,B,yes,"Tab3,Tab4",train+eval,rationale x blocks,rule_v1/blocks,0,GPU,0.8,,P0,"A-D4,B-C0",todo,
B-F-rationale-blocks-s1,B,yes,"Tab3,Tab4",train+eval,rationale x blocks,rule_v1/blocks,1,GPU,0.8,,P1,"A-D4,B-C0",todo,
B-F-rationale-blocks-s2,B,yes,"Tab3,Tab4",train+eval,rationale x blocks,rule_v1/blocks,2,GPU,0.8,,P1,"A-D4,B-C0",todo,
B-F-rationale-blocks-s3,B,yes,"Tab3,Tab4",train+eval,rationale x blocks,rule_v1/blocks,3,GPU,0.8,,P2,"A-D4,B-C0",todo,
B-F-rationale-blocks-s4,B,yes,"Tab3,Tab4",train+eval,rationale x blocks,rule_v1/blocks,4,GPU,0.8,,P2,"A-D4,B-C0",todo,
B-F-rationale-triplets-s0,B,yes,"Tab3,Tab4",train+eval,rationale x triplets,rule_v1/triplets,0,GPU,0.8,,P0,"A-D4,B-C0",todo,
B-F-rationale-triplets-s1,B,yes,"Tab3,Tab4",train+eval,rationale x triplets,rule_v1/triplets,1,GPU,0.8,,P1,"A-D4,B-C0",todo,
B-F-rationale-triplets-s2,B,yes,"Tab3,Tab4",train+eval,rationale x triplets,rule_v1/triplets,2,GPU,0.8,,P1,"A-D4,B-C0",todo,
B-F-rationale-triplets-s3,B,yes,"Tab3,Tab4",train+eval,rationale x triplets,rule_v1/triplets,3,GPU,0.8,,P2,"A-D4,B-C0",todo,
B-F-rationale-triplets-s4,B,yes,"Tab3,Tab4",train+eval,rationale x triplets,rule_v1/triplets,4,GPU,0.8,,P2,"A-D4,B-C0",todo,
B-F-summary2-natural-s0,B,yes,"Tab3,Tab4",train+eval,summary2 x natural,rule_v1/natural,0,GPU,0.8,,P0,"A-D4,B-C0",todo,
B-F-summary2-natural-s1,B,yes,"Tab3,Tab4",train+eval,summary2 x natural,rule_v1/natural,1,GPU,0.8,,P1,"A-D4,B-C0",todo,
B-F-summary2-natural-s2,B,yes,"Tab3,Tab4",train+eval,summary2 x natural,rule_v1/natural,2,GPU,0.8,,P1,"A-D4,B-C0",todo,
B-F-summary2-natural-s3,B,yes,"Tab3,Tab4",train+eval,summary2 x natural,rule_v1/natural,3,GPU,0.8,,P2,"A-D4,B-C0",todo,
B-F-summary2-natural-s4,B,yes,"Tab3,Tab4",train+eval,summary2 x natural,rule_v1/natural,4,GPU,0.8,,P2,"A-D4,B-C0",todo,
B-F-summary2-balanced-s0,B,yes,"Tab3,Tab4",train+eval,summary2 x balanced,rule_v1/balanced,0,GPU,0.8,,P0,"A-D4,B-C0",todo,
B-F-summary2-balanced-s1,B,yes,"Tab3,Tab4",train+eval,summary2 x balanced,rule_v1/balanced,1,GPU,0.8,,P1,"A-D4,B-C0",todo,
B-F-summary2-balanced-s2,B,yes,"Tab3,Tab4",train+eval,summary2 x balanced,rule_v1/balanced,2,GPU,0.8,,P1,"A-D4,B-C0",todo,
B-F-summary2-balanced-s3,B,yes,"Tab3,Tab4",train+eval,summary2 x balanced,rule_v1/balanced,3,GPU,0.8,,P2,"A-D4,B-C0",todo,
B-F-summary2-balanced-s4,B,yes,"Tab3,Tab4",train+eval,summary2 x balanced,rule_v1/balanced,4,GPU,0.8,,P2,"A-D4,B-C0",todo,
B-F-summary2-blocks-s0,B,yes,"Tab3,Tab4",train+eval,summary2 x blocks,rule_v1/blocks,0,GPU,0.8,,P0,"A-D4,B-C0",todo,
B-F-summary2-blocks-s1,B,yes,"Tab3,Tab4",train+eval,summary2 x blocks,rule_v1/blocks,1,GPU,0.8,,P1,"A-D4,B-C0",todo,
B-F-summary2-blocks-s2,B,yes,"Tab3,Tab4",train+eval,summary2 x blocks,rule_v1/blocks,2,GPU,0.8,,P1,"A-D4,B-C0",todo,
B-F-summary2-blocks-s3,B,yes,"Tab3,Tab4",train+eval,summary2 x blocks,rule_v1/blocks,3,GPU,0.8,,P2,"A-D4,B-C0",todo,
B-F-summary2-blocks-s4,B,yes,"Tab3,Tab4",train+eval,summary2 x blocks,rule_v1/blocks,4,GPU,0.8,,P2,"A-D4,B-C0",todo,
B-F-summary2-triplets-s0,B,yes,"Tab3,Tab4",train+eval,summary2 x triplets,rule_v1/triplets,0,GPU,0.8,,P0,"A-D4,B-C0",todo,
B-F-summary2-triplets-s1,B,yes,"Tab3,Tab4",train+eval,summary2 x triplets,rule_v1/triplets,1,GPU,0.8,,P1,"A-D4,B-C0",todo,
B-F-summary2-triplets-s2,B,yes,"Tab3,Tab4",train+eval,summary2 x triplets,rule_v1/triplets,2,GPU,0.8,,P1,"A-D4,B-C0",todo,
B-F-summary2-triplets-s3,B,yes,"Tab3,Tab4",train+eval,summary2 x triplets,rule_v1/triplets,3,GPU,0.8,,P2,"A-D4,B-C0",todo,
B-F-summary2-triplets-s4,B,yes,"Tab3,Tab4",train+eval,summary2 x triplets,rule_v1/triplets,4,GPU,0.8,,P2,"A-D4,B-C0",todo,
B-F-value2-natural-s0,B,yes,"Tab3,Tab4",train+eval,value2 x natural,rule_v1/natural,0,GPU,0.8,,P0,"A-D4,B-C0",todo,
B-F-value2-natural-s1,B,yes,"Tab3,Tab4",train+eval,value2 x natural,rule_v1/natural,1,GPU,0.8,,P1,"A-D4,B-C0",todo,
B-F-value2-natural-s2,B,yes,"Tab3,Tab4",train+eval,value2 x natural,rule_v1/natural,2,GPU,0.8,,P1,"A-D4,B-C0",todo,
B-F-value2-natural-s3,B,yes,"Tab3,Tab4",train+eval,value2 x natural,rule_v1/natural,3,GPU,0.8,,P2,"A-D4,B-C0",todo,
B-F-value2-natural-s4,B,yes,"Tab3,Tab4",train+eval,value2 x natural,rule_v1/natural,4,GPU,0.8,,P2,"A-D4,B-C0",todo,
B-F-value2-balanced-s0,B,yes,"Tab3,Tab4",train+eval,value2 x balanced,rule_v1/balanced,0,GPU,0.8,,P0,"A-D4,B-C0",todo,
B-F-value2-balanced-s1,B,yes,"Tab3,Tab4",train+eval,value2 x balanced,rule_v1/balanced,1,GPU,0.8,,P1,"A-D4,B-C0",todo,
B-F-value2-balanced-s2,B,yes,"Tab3,Tab4",train+eval,value2 x balanced,rule_v1/balanced,2,GPU,0.8,,P1,"A-D4,B-C0",todo,
B-F-value2-balanced-s3,B,yes,"Tab3,Tab4",train+eval,value2 x balanced,rule_v1/balanced,3,GPU,0.8,,P2,"A-D4,B-C0",todo,
B-F-value2-balanced-s4,B,yes,"Tab3,Tab4",train+eval,value2 x balanced,rule_v1/balanced,4,GPU,0.8,,P2,"A-D4,B-C0",todo,
B-F-value2-blocks-s0,B,yes,"Tab3,Tab4",train+eval,value2 x blocks,rule_v1/blocks,0,GPU,0.8,,P0,"A-D4,B-C0",todo,
B-F-value2-blocks-s1,B,yes,"Tab3,Tab4",train+eval,value2 x blocks,rule_v1/blocks,1,GPU,0.8,,P1,"A-D4,B-C0",todo,
B-F-value2-blocks-s2,B,yes,"Tab3,Tab4",train+eval,value2 x blocks,rule_v1/blocks,2,GPU,0.8,,P1,"A-D4,B-C0",todo,
B-F-value2-blocks-s3,B,yes,"Tab3,Tab4",train+eval,value2 x blocks,rule_v1/blocks,3,GPU,0.8,,P2,"A-D4,B-C0",todo,
B-F-value2-blocks-s4,B,yes,"Tab3,Tab4",train+eval,value2 x blocks,rule_v1/blocks,4,GPU,0.8,,P2,"A-D4,B-C0",todo,
B-F-value2-triplets-s0,B,yes,"Tab3,Tab4",train+eval,value2 x triplets,rule_v1/triplets,0,GPU,0.8,,P0,"A-D4,B-C0",todo,
B-F-value2-triplets-s1,B,yes,"Tab3,Tab4",train+eval,value2 x triplets,rule_v1/triplets,1,GPU,0.8,,P1,"A-D4,B-C0",todo,
B-F-value2-triplets-s2,B,yes,"Tab3,Tab4",train+eval,value2 x triplets,rule_v1/triplets,2,GPU,0.8,,P1,"A-D4,B-C0",todo,
B-F-value2-triplets-s3,B,yes,"Tab3,Tab4",train+eval,value2 x triplets,rule_v1/triplets,3,GPU,0.8,,P2,"A-D4,B-C0",todo,
B-F-value2-triplets-s4,B,yes,"Tab3,Tab4",train+eval,value2 x triplets,rule_v1/triplets,4,GPU,0.8,,P2,"A-D4,B-C0",todo,
B-F-ledger2-natural-s0,B,yes,"Tab3,Tab4",train+eval,ledger2 x natural,rule_v1/natural,0,GPU,0.8,,P0,"A-D4,B-C0",todo,
B-F-ledger2-natural-s1,B,yes,"Tab3,Tab4",train+eval,ledger2 x natural,rule_v1/natural,1,GPU,0.8,,P1,"A-D4,B-C0",todo,
B-F-ledger2-natural-s2,B,yes,"Tab3,Tab4",train+eval,ledger2 x natural,rule_v1/natural,2,GPU,0.8,,P1,"A-D4,B-C0",todo,
B-F-ledger2-natural-s3,B,yes,"Tab3,Tab4",train+eval,ledger2 x natural,rule_v1/natural,3,GPU,0.8,,P2,"A-D4,B-C0",todo,
B-F-ledger2-natural-s4,B,yes,"Tab3,Tab4",train+eval,ledger2 x natural,rule_v1/natural,4,GPU,0.8,,P2,"A-D4,B-C0",todo,
B-F-ledger2-balanced-s0,B,yes,"Tab3,Tab4",train+eval,ledger2 x balanced,rule_v1/balanced,0,GPU,0.8,,P0,"A-D4,B-C0",todo,
B-F-ledger2-balanced-s1,B,yes,"Tab3,Tab4",train+eval,ledger2 x balanced,rule_v1/balanced,1,GPU,0.8,,P1,"A-D4,B-C0",todo,
B-F-ledger2-balanced-s2,B,yes,"Tab3,Tab4",train+eval,ledger2 x balanced,rule_v1/balanced,2,GPU,0.8,,P1,"A-D4,B-C0",todo,
B-F-ledger2-balanced-s3,B,yes,"Tab3,Tab4",train+eval,ledger2 x balanced,rule_v1/balanced,3,GPU,0.8,,P2,"A-D4,B-C0",todo,
B-F-ledger2-balanced-s4,B,yes,"Tab3,Tab4",train+eval,ledger2 x balanced,rule_v1/balanced,4,GPU,0.8,,P2,"A-D4,B-C0",todo,
B-F-ledger2-blocks-s0,B,yes,"Tab3,Tab4",train+eval,ledger2 x blocks,rule_v1/blocks,0,GPU,0.8,,P0,"A-D4,B-C0",todo,
B-F-ledger2-blocks-s1,B,yes,"Tab3,Tab4",train+eval,ledger2 x blocks,rule_v1/blocks,1,GPU,0.8,,P0,"A-D4,B-C0",todo,
B-F-ledger2-blocks-s2,B,yes,"Tab3,Tab4",train+eval,ledger2 x blocks,rule_v1/blocks,2,GPU,0.8,,P0,"A-D4,B-C0",todo,
B-F-ledger2-blocks-s3,B,yes,"Tab3,Tab4",train+eval,ledger2 x blocks,rule_v1/blocks,3,GPU,0.8,,P2,"A-D4,B-C0",todo,
B-F-ledger2-blocks-s4,B,yes,"Tab3,Tab4",train+eval,ledger2 x blocks,rule_v1/blocks,4,GPU,0.8,,P2,"A-D4,B-C0",todo,
B-F-ledger2-triplets-s0,B,yes,"Tab3,Tab4",train+eval,ledger2 x triplets,rule_v1/triplets,0,GPU,0.8,,P0,"A-D4,B-C0",todo,
B-F-ledger2-triplets-s1,B,yes,"Tab3,Tab4",train+eval,ledger2 x triplets,rule_v1/triplets,1,GPU,0.8,,P0,"A-D4,B-C0",todo,
B-F-ledger2-triplets-s2,B,yes,"Tab3,Tab4",train+eval,ledger2 x triplets,rule_v1/triplets,2,GPU,0.8,,P0,"A-D4,B-C0",todo,
B-F-ledger2-triplets-s3,B,yes,"Tab3,Tab4",train+eval,ledger2 x triplets,rule_v1/triplets,3,GPU,0.8,,P2,"A-D4,B-C0",todo,
B-F-ledger2-triplets-s4,B,yes,"Tab3,Tab4",train+eval,ledger2 x triplets,rule_v1/triplets,4,GPU,0.8,,P2,"A-D4,B-C0",todo,
B-FOLD2-verdict-blocks-s0,B,yes,Tab3,train+eval,fold 2: verdict x blocks,rule_v1_fold2,0,GPU,0.8,,P1,A-D9,todo,
B-FOLD2-verdict-blocks-s1,B,yes,Tab3,train+eval,fold 2: verdict x blocks,rule_v1_fold2,1,GPU,0.8,,P1,A-D9,todo,
B-FOLD2-verdict-blocks-s2,B,yes,Tab3,train+eval,fold 2: verdict x blocks,rule_v1_fold2,2,GPU,0.8,,P1,A-D9,todo,
B-FOLD2-verdict-triplets-s0,B,yes,Tab3,train+eval,fold 2: verdict x triplets,rule_v1_fold2,0,GPU,0.8,,P1,A-D9,todo,
B-FOLD2-verdict-triplets-s1,B,yes,Tab3,train+eval,fold 2: verdict x triplets,rule_v1_fold2,1,GPU,0.8,,P1,A-D9,todo,
B-FOLD2-verdict-triplets-s2,B,yes,Tab3,train+eval,fold 2: verdict x triplets,rule_v1_fold2,2,GPU,0.8,,P1,A-D9,todo,
B-FOLD2-ledger2-blocks-s0,B,yes,Tab3,train+eval,fold 2: ledger2 x blocks,rule_v1_fold2,0,GPU,0.8,,P1,A-D9,todo,
B-FOLD2-ledger2-blocks-s1,B,yes,Tab3,train+eval,fold 2: ledger2 x blocks,rule_v1_fold2,1,GPU,0.8,,P1,A-D9,todo,
B-FOLD2-ledger2-blocks-s2,B,yes,Tab3,train+eval,fold 2: ledger2 x blocks,rule_v1_fold2,2,GPU,0.8,,P1,A-D9,todo,
B-FOLD2-ledger2-triplets-s0,B,yes,Tab3,train+eval,fold 2: ledger2 x triplets,rule_v1_fold2,0,GPU,0.8,,P1,A-D9,todo,
B-FOLD2-ledger2-triplets-s1,B,yes,Tab3,train+eval,fold 2: ledger2 x triplets,rule_v1_fold2,1,GPU,0.8,,P1,A-D9,todo,
B-FOLD2-ledger2-triplets-s2,B,yes,Tab3,train+eval,fold 2: ledger2 x triplets,rule_v1_fold2,2,GPU,0.8,,P1,A-D9,todo,
B-FOLD3-verdict-blocks-s0,B,yes,Tab3,train+eval,fold 3: verdict x blocks,rule_v1_fold3,0,GPU,0.8,,P1,A-D9,todo,
B-FOLD3-verdict-blocks-s1,B,yes,Tab3,train+eval,fold 3: verdict x blocks,rule_v1_fold3,1,GPU,0.8,,P1,A-D9,todo,
B-FOLD3-verdict-blocks-s2,B,yes,Tab3,train+eval,fold 3: verdict x blocks,rule_v1_fold3,2,GPU,0.8,,P1,A-D9,todo,
B-FOLD3-verdict-triplets-s0,B,yes,Tab3,train+eval,fold 3: verdict x triplets,rule_v1_fold3,0,GPU,0.8,,P1,A-D9,todo,
B-FOLD3-verdict-triplets-s1,B,yes,Tab3,train+eval,fold 3: verdict x triplets,rule_v1_fold3,1,GPU,0.8,,P1,A-D9,todo,
B-FOLD3-verdict-triplets-s2,B,yes,Tab3,train+eval,fold 3: verdict x triplets,rule_v1_fold3,2,GPU,0.8,,P1,A-D9,todo,
B-FOLD3-ledger2-blocks-s0,B,yes,Tab3,train+eval,fold 3: ledger2 x blocks,rule_v1_fold3,0,GPU,0.8,,P1,A-D9,todo,
B-FOLD3-ledger2-blocks-s1,B,yes,Tab3,train+eval,fold 3: ledger2 x blocks,rule_v1_fold3,1,GPU,0.8,,P1,A-D9,todo,
B-FOLD3-ledger2-blocks-s2,B,yes,Tab3,train+eval,fold 3: ledger2 x blocks,rule_v1_fold3,2,GPU,0.8,,P1,A-D9,todo,
B-FOLD3-ledger2-triplets-s0,B,yes,Tab3,train+eval,fold 3: ledger2 x triplets,rule_v1_fold3,0,GPU,0.8,,P1,A-D9,todo,
B-FOLD3-ledger2-triplets-s1,B,yes,Tab3,train+eval,fold 3: ledger2 x triplets,rule_v1_fold3,1,GPU,0.8,,P1,A-D9,todo,
B-FOLD3-ledger2-triplets-s2,B,yes,Tab3,train+eval,fold 3: ledger2 x triplets,rule_v1_fold3,2,GPU,0.8,,P1,A-D9,todo,
B-TR-fover-s0,B,yes,Tab4,train+eval,verdict only on FoVer formal data (verify dataset ID),-,0,GPU,1.0,,P1,B-C0,todo,
B-TR-fover-s1,B,yes,Tab4,train+eval,verdict only on FoVer formal data (verify dataset ID),-,1,GPU,1.0,,P2,B-C0,todo,
B-TR-fover-s2,B,yes,Tab4,train+eval,verdict only on FoVer formal data (verify dataset ID),-,2,GPU,1.0,,P2,B-C0,todo,
B-TR-genprm-s0,B,yes,Tab4,train+eval,"GenPRM-style verifier: analysis + executed check, trained on rule triplets",-,0,GPU,1.8,,P1,A-D13,todo,
B-TR-genprm-s1,B,yes,Tab4,train+eval,"GenPRM-style verifier: analysis + executed check, trained on rule triplets",-,1,GPU,1.8,,P2,A-D13,todo,
B-TR-genprm-s2,B,yes,Tab4,train+eval,"GenPRM-style verifier: analysis + executed check, trained on rule triplets",-,2,GPU,1.8,,P2,A-D13,todo,
B-TR-steperr-s0,B,yes,Tab4,train+eval,ledger2 triplets + step-error data (MedPRMBench train; conditional on release),-,0,GPU,1.0,,P2,C-CL-medprmbench,todo,
B-TR-steperr-s1,B,yes,Tab4,train+eval,ledger2 triplets + step-error data (MedPRMBench train; conditional on release),-,1,GPU,1.0,,P2,C-CL-medprmbench,todo,
B-TR-steperr-s2,B,yes,Tab4,train+eval,ledger2 triplets + step-error data (MedPRMBench train; conditional on release),-,2,GPU,1.0,,P2,C-CL-medprmbench,todo,
B-TR-clinonly-s0,B,yes,Tab4,train+eval,ledger2 on clinical pairs only (MedEinst reference + MedQA-train key pairs),-,0,GPU,1.0,,P1,C-CL-clinpairs,todo,
B-TR-clinonly-s1,B,yes,Tab4,train+eval,ledger2 on clinical pairs only (MedEinst reference + MedQA-train key pairs),-,1,GPU,1.0,,P2,C-CL-clinpairs,todo,
B-TR-clinonly-s2,B,yes,Tab4,train+eval,ledger2 on clinical pairs only (MedEinst reference + MedQA-train key pairs),-,2,GPU,1.0,,P2,C-CL-clinpairs,todo,
B-TR-tripclin-s0,B,yes,Tab4,train+eval,ledger2 on rule triplets + clinical pairs 1:1,-,0,GPU,1.0,,P1,C-CL-clinpairs,todo,
B-TR-tripclin-s1,B,yes,Tab4,train+eval,ledger2 on rule triplets + clinical pairs 1:1,-,1,GPU,1.0,,P2,C-CL-clinpairs,todo,
B-TR-tripclin-s2,B,yes,Tab4,train+eval,ledger2 on rule triplets + clinical pairs 1:1,-,2,GPU,1.0,,P2,C-CL-clinpairs,todo,
B-AB-decfield-s0,B,yes,"Tab9,Sec7.4",train+eval,+ decision field (reader also writes applies yes/no),rule_v1/triplets (variant),0,GPU,0.9,,P1,"B-F-ledger2-triplets-s0,A-D12",todo,
B-AB-decfield-s1,B,yes,"Tab9,Sec7.4",train+eval,+ decision field (reader also writes applies yes/no),rule_v1/triplets (variant),1,GPU,0.9,,P2,"B-F-ledger2-triplets-s0,A-D12",todo,
B-AB-decfield-s2,B,yes,"Tab9,Sec7.4",train+eval,+ decision field (reader also writes applies yes/no),rule_v1/triplets (variant),2,GPU,0.9,,P2,"B-F-ledger2-triplets-s0,A-D12",todo,
B-AB-bitonly-judge-s0,B,yes,"Tab9,Sec7.4",train+eval,decision field only: judge sees bit + claim,rule_v1/triplets (variant),0,GPU,0.9,,P1,"B-F-ledger2-triplets-s0,A-D12",todo,
B-AB-bitonly-reader-s0,B,yes,"Tab9,Sec7.4",train+eval,reader writes bit only,rule_v1/triplets (variant),0,GPU,0.9,,P1,"B-F-ledger2-triplets-s0,A-D12",todo,
B-AB-bitonly-reader-s1,B,yes,"Tab9,Sec7.4",train+eval,reader writes bit only,rule_v1/triplets (variant),1,GPU,0.9,,P2,"B-F-ledger2-triplets-s0,A-D12",todo,
B-AB-bitonly-reader-s2,B,yes,"Tab9,Sec7.4",train+eval,reader writes bit only,rule_v1/triplets (variant),2,GPU,0.9,,P2,"B-F-ledger2-triplets-s0,A-D12",todo,
B-AB-verify-s0,B,yes,"Tab9,Sec7.4",train+eval,"+ verification pass (re-read each entry, regenerate once)",rule_v1/triplets (variant),0,GPU,0.9,,P1,"B-F-ledger2-triplets-s0,A-D12",todo,
B-AB-concept-s0,B,yes,"Tab9,Sec7.4",train+eval,concept scorer: linear heads for fields + linear verdict,rule_v1/triplets (variant),0,GPU,0.9,,P1,"B-F-ledger2-triplets-s0,A-D12",todo,
B-AB-probe-rw-s0,B,yes,"Tab9,Sec7.4",train+eval,- near-misses + probe re-weighting (DynaCF-style),rule_v1/triplets (variant),0,GPU,0.9,,P1,"B-F-ledger2-triplets-s0,A-D12",todo,
B-AB-nopres-s0,B,yes,"Tab9,Sec7.4",train+eval,- presentation edits,rule_v1/triplets (variant),0,GPU,0.9,,P1,"B-F-ledger2-triplets-s0,A-D12",todo,
B-AB-noresamp-s0,B,yes,"Tab9,Sec7.4",train+eval,- ledger resampling (p=0),rule_v1/triplets (variant),0,GPU,0.9,,P1,"B-F-ledger2-triplets-s0,A-D12",todo,
B-AB-pairwise-s0,B,yes,"Tab9,Sec7.4",train+eval,"verdict only, pairwise Bradley-Terry loss",rule_v1/triplets (variant),0,GPU,0.9,,P1,"B-F-ledger2-triplets-s0,A-D12",todo,
B-AB-change-s0,B,yes,"Tab9,Sec7.4",train+eval,ledger2 + change loss (lambda on dev),rule_v1/triplets (variant),0,GPU,0.9,,P1,"B-F-ledger2-triplets-s0,A-D12",todo,
B-AB-concl-only-s0,B,yes,"Tab9,Sec7.4",train+eval,"ledger2, labels on conclusion claim only",rule_v1/triplets (variant),0,GPU,0.9,,P1,"B-F-ledger2-triplets-s0,A-D12",todo,
B-AE-oracle-ledger,B,no,"Tab9,Sec7.4",eval,judge with program-supplied ledger (reader error share),rule_v1 test,-,GPU,0.5,,P1,B-F-ledger2-triplets-s0,todo,
B-AE-pred-bit-program,B,no,"Tab9,Sec7.4",eval,program applied to predicted bit,rule_v1 test,-,GPU,0.5,,P1,B-F-ledger2-triplets-s0,todo,
B-AE-field-interv,B,no,"Tab9,Sec7.4",eval,field interventions: change subject/status/time; swap in another case's ledger,rule_v1 test,-,GPU,0.5,,P1,B-F-ledger2-triplets-s0,todo,
B-AE-premise-gate,B,no,"Tab9,Sec7.4",eval,"premise gate on step check (EVPV-style), needs step-check scores",rule_v1 test,-,GPU,0.5,,P1,B-F-ledger2-triplets-s0,todo,
B-DIV-families-1of8-s0,B,yes,Fig3 left,train+eval,diversity curve: families at 1of8,A-D10,0,GPU,0.8,,P1,A-D10,todo,
B-DIV-families-1of8-s1,B,yes,Fig3 left,train+eval,diversity curve: families at 1of8,A-D10,1,GPU,0.8,,P2,A-D10,todo,
B-DIV-families-1of8-s2,B,yes,Fig3 left,train+eval,diversity curve: families at 1of8,A-D10,2,GPU,0.8,,P2,A-D10,todo,
B-DIV-families-1of4-s0,B,yes,Fig3 left,train+eval,diversity curve: families at 1of4,A-D10,0,GPU,0.8,,P1,A-D10,todo,
B-DIV-families-1of4-s1,B,yes,Fig3 left,train+eval,diversity curve: families at 1of4,A-D10,1,GPU,0.8,,P2,A-D10,todo,
B-DIV-families-1of4-s2,B,yes,Fig3 left,train+eval,diversity curve: families at 1of4,A-D10,2,GPU,0.8,,P2,A-D10,todo,
B-DIV-families-1of2-s0,B,yes,Fig3 left,train+eval,diversity curve: families at 1of2,A-D10,0,GPU,0.8,,P1,A-D10,todo,
B-DIV-families-1of2-s1,B,yes,Fig3 left,train+eval,diversity curve: families at 1of2,A-D10,1,GPU,0.8,,P2,A-D10,todo,
B-DIV-families-1of2-s2,B,yes,Fig3 left,train+eval,diversity curve: families at 1of2,A-D10,2,GPU,0.8,,P2,A-D10,todo,
B-DIV-families-1-s0,B,yes,Fig3 left,train+eval,diversity curve: families at 1,A-D10,0,GPU,0.8,,P1,A-D10,todo,
B-DIV-families-1-s1,B,yes,Fig3 left,train+eval,diversity curve: families at 1,A-D10,1,GPU,0.8,,P2,A-D10,todo,
B-DIV-families-1-s2,B,yes,Fig3 left,train+eval,diversity curve: families at 1,A-D10,2,GPU,0.8,,P2,A-D10,todo,
B-DIV-rules-per-family-1of8-s0,B,yes,Fig3 left,train+eval,diversity curve: rules-per-family at 1of8,A-D10,0,GPU,0.8,,P1,A-D10,todo,
B-DIV-rules-per-family-1of8-s1,B,yes,Fig3 left,train+eval,diversity curve: rules-per-family at 1of8,A-D10,1,GPU,0.8,,P2,A-D10,todo,
B-DIV-rules-per-family-1of8-s2,B,yes,Fig3 left,train+eval,diversity curve: rules-per-family at 1of8,A-D10,2,GPU,0.8,,P2,A-D10,todo,
B-DIV-rules-per-family-1of4-s0,B,yes,Fig3 left,train+eval,diversity curve: rules-per-family at 1of4,A-D10,0,GPU,0.8,,P1,A-D10,todo,
B-DIV-rules-per-family-1of4-s1,B,yes,Fig3 left,train+eval,diversity curve: rules-per-family at 1of4,A-D10,1,GPU,0.8,,P2,A-D10,todo,
B-DIV-rules-per-family-1of4-s2,B,yes,Fig3 left,train+eval,diversity curve: rules-per-family at 1of4,A-D10,2,GPU,0.8,,P2,A-D10,todo,
B-DIV-rules-per-family-1of2-s0,B,yes,Fig3 left,train+eval,diversity curve: rules-per-family at 1of2,A-D10,0,GPU,0.8,,P1,A-D10,todo,
B-DIV-rules-per-family-1of2-s1,B,yes,Fig3 left,train+eval,diversity curve: rules-per-family at 1of2,A-D10,1,GPU,0.8,,P2,A-D10,todo,
B-DIV-rules-per-family-1of2-s2,B,yes,Fig3 left,train+eval,diversity curve: rules-per-family at 1of2,A-D10,2,GPU,0.8,,P2,A-D10,todo,
B-DIV-rules-per-family-1-s0,B,yes,Fig3 left,train+eval,diversity curve: rules-per-family at 1,A-D10,0,GPU,0.8,,P1,A-D10,todo,
B-DIV-rules-per-family-1-s1,B,yes,Fig3 left,train+eval,diversity curve: rules-per-family at 1,A-D10,1,GPU,0.8,,P2,A-D10,todo,
B-DIV-rules-per-family-1-s2,B,yes,Fig3 left,train+eval,diversity curve: rules-per-family at 1,A-D10,2,GPU,0.8,,P2,A-D10,todo,
B-DIV-patients-1of8-s0,B,yes,Fig3 left,train+eval,diversity curve: patients at 1of8,A-D10,0,GPU,0.8,,P1,A-D10,todo,
B-DIV-patients-1of8-s1,B,yes,Fig3 left,train+eval,diversity curve: patients at 1of8,A-D10,1,GPU,0.8,,P2,A-D10,todo,
B-DIV-patients-1of8-s2,B,yes,Fig3 left,train+eval,diversity curve: patients at 1of8,A-D10,2,GPU,0.8,,P2,A-D10,todo,
B-DIV-patients-1of4-s0,B,yes,Fig3 left,train+eval,diversity curve: patients at 1of4,A-D10,0,GPU,0.8,,P1,A-D10,todo,
B-DIV-patients-1of4-s1,B,yes,Fig3 left,train+eval,diversity curve: patients at 1of4,A-D10,1,GPU,0.8,,P2,A-D10,todo,
B-DIV-patients-1of4-s2,B,yes,Fig3 left,train+eval,diversity curve: patients at 1of4,A-D10,2,GPU,0.8,,P2,A-D10,todo,
B-DIV-patients-1of2-s0,B,yes,Fig3 left,train+eval,diversity curve: patients at 1of2,A-D10,0,GPU,0.8,,P1,A-D10,todo,
B-DIV-patients-1of2-s1,B,yes,Fig3 left,train+eval,diversity curve: patients at 1of2,A-D10,1,GPU,0.8,,P2,A-D10,todo,
B-DIV-patients-1of2-s2,B,yes,Fig3 left,train+eval,diversity curve: patients at 1of2,A-D10,2,GPU,0.8,,P2,A-D10,todo,
B-DIV-patients-1-s0,B,yes,Fig3 left,train+eval,diversity curve: patients at 1,A-D10,0,GPU,0.8,,P1,A-D10,todo,
B-DIV-patients-1-s1,B,yes,Fig3 left,train+eval,diversity curve: patients at 1,A-D10,1,GPU,0.8,,P2,A-D10,todo,
B-DIV-patients-1-s2,B,yes,Fig3 left,train+eval,diversity curve: patients at 1,A-D10,2,GPU,0.8,,P2,A-D10,todo,
B-BB-qwen3.5-4b-verdict-blocks-s0,B,yes,Sec7.4 backbones,train+eval,qwen3.5-4b: verdict x blocks,rule_v1,0,GPU,0.6,,P1,B-F-ledger2-triplets-s0,todo,verify Unsloth ID for the non-Qwen model
B-BB-qwen3.5-4b-verdict-blocks-s1,B,yes,Sec7.4 backbones,train+eval,qwen3.5-4b: verdict x blocks,rule_v1,1,GPU,0.6,,P2,B-F-ledger2-triplets-s0,todo,verify Unsloth ID for the non-Qwen model
B-BB-qwen3.5-4b-verdict-blocks-s2,B,yes,Sec7.4 backbones,train+eval,qwen3.5-4b: verdict x blocks,rule_v1,2,GPU,0.6,,P2,B-F-ledger2-triplets-s0,todo,verify Unsloth ID for the non-Qwen model
B-BB-qwen3.5-4b-verdict-triplets-s0,B,yes,Sec7.4 backbones,train+eval,qwen3.5-4b: verdict x triplets,rule_v1,0,GPU,0.6,,P1,B-F-ledger2-triplets-s0,todo,verify Unsloth ID for the non-Qwen model
B-BB-qwen3.5-4b-verdict-triplets-s1,B,yes,Sec7.4 backbones,train+eval,qwen3.5-4b: verdict x triplets,rule_v1,1,GPU,0.6,,P2,B-F-ledger2-triplets-s0,todo,verify Unsloth ID for the non-Qwen model
B-BB-qwen3.5-4b-verdict-triplets-s2,B,yes,Sec7.4 backbones,train+eval,qwen3.5-4b: verdict x triplets,rule_v1,2,GPU,0.6,,P2,B-F-ledger2-triplets-s0,todo,verify Unsloth ID for the non-Qwen model
B-BB-qwen3.5-4b-ledger2-blocks-s0,B,yes,Sec7.4 backbones,train+eval,qwen3.5-4b: ledger2 x blocks,rule_v1,0,GPU,0.6,,P1,B-F-ledger2-triplets-s0,todo,verify Unsloth ID for the non-Qwen model
B-BB-qwen3.5-4b-ledger2-blocks-s1,B,yes,Sec7.4 backbones,train+eval,qwen3.5-4b: ledger2 x blocks,rule_v1,1,GPU,0.6,,P2,B-F-ledger2-triplets-s0,todo,verify Unsloth ID for the non-Qwen model
B-BB-qwen3.5-4b-ledger2-blocks-s2,B,yes,Sec7.4 backbones,train+eval,qwen3.5-4b: ledger2 x blocks,rule_v1,2,GPU,0.6,,P2,B-F-ledger2-triplets-s0,todo,verify Unsloth ID for the non-Qwen model
B-BB-qwen3.5-4b-ledger2-triplets-s0,B,yes,Sec7.4 backbones,train+eval,qwen3.5-4b: ledger2 x triplets,rule_v1,0,GPU,0.6,,P1,B-F-ledger2-triplets-s0,todo,verify Unsloth ID for the non-Qwen model
B-BB-qwen3.5-4b-ledger2-triplets-s1,B,yes,Sec7.4 backbones,train+eval,qwen3.5-4b: ledger2 x triplets,rule_v1,1,GPU,0.6,,P2,B-F-ledger2-triplets-s0,todo,verify Unsloth ID for the non-Qwen model
B-BB-qwen3.5-4b-ledger2-triplets-s2,B,yes,Sec7.4 backbones,train+eval,qwen3.5-4b: ledger2 x triplets,rule_v1,2,GPU,0.6,,P2,B-F-ledger2-triplets-s0,todo,verify Unsloth ID for the non-Qwen model
B-BB-non-qwen-4to9b-verdict-blocks-s0,B,yes,Sec7.4 backbones,train+eval,non-qwen-4to9b: verdict x blocks,rule_v1,0,GPU,0.6,,P1,B-F-ledger2-triplets-s0,todo,verify Unsloth ID for the non-Qwen model
B-BB-non-qwen-4to9b-verdict-blocks-s1,B,yes,Sec7.4 backbones,train+eval,non-qwen-4to9b: verdict x blocks,rule_v1,1,GPU,0.6,,P2,B-F-ledger2-triplets-s0,todo,verify Unsloth ID for the non-Qwen model
B-BB-non-qwen-4to9b-verdict-blocks-s2,B,yes,Sec7.4 backbones,train+eval,non-qwen-4to9b: verdict x blocks,rule_v1,2,GPU,0.6,,P2,B-F-ledger2-triplets-s0,todo,verify Unsloth ID for the non-Qwen model
B-BB-non-qwen-4to9b-verdict-triplets-s0,B,yes,Sec7.4 backbones,train+eval,non-qwen-4to9b: verdict x triplets,rule_v1,0,GPU,0.6,,P1,B-F-ledger2-triplets-s0,todo,verify Unsloth ID for the non-Qwen model
B-BB-non-qwen-4to9b-verdict-triplets-s1,B,yes,Sec7.4 backbones,train+eval,non-qwen-4to9b: verdict x triplets,rule_v1,1,GPU,0.6,,P2,B-F-ledger2-triplets-s0,todo,verify Unsloth ID for the non-Qwen model
B-BB-non-qwen-4to9b-verdict-triplets-s2,B,yes,Sec7.4 backbones,train+eval,non-qwen-4to9b: verdict x triplets,rule_v1,2,GPU,0.6,,P2,B-F-ledger2-triplets-s0,todo,verify Unsloth ID for the non-Qwen model
B-BB-non-qwen-4to9b-ledger2-blocks-s0,B,yes,Sec7.4 backbones,train+eval,non-qwen-4to9b: ledger2 x blocks,rule_v1,0,GPU,0.6,,P1,B-F-ledger2-triplets-s0,todo,verify Unsloth ID for the non-Qwen model
B-BB-non-qwen-4to9b-ledger2-blocks-s1,B,yes,Sec7.4 backbones,train+eval,non-qwen-4to9b: ledger2 x blocks,rule_v1,1,GPU,0.6,,P2,B-F-ledger2-triplets-s0,todo,verify Unsloth ID for the non-Qwen model
B-BB-non-qwen-4to9b-ledger2-blocks-s2,B,yes,Sec7.4 backbones,train+eval,non-qwen-4to9b: ledger2 x blocks,rule_v1,2,GPU,0.6,,P2,B-F-ledger2-triplets-s0,todo,verify Unsloth ID for the non-Qwen model
B-BB-non-qwen-4to9b-ledger2-triplets-s0,B,yes,Sec7.4 backbones,train+eval,non-qwen-4to9b: ledger2 x triplets,rule_v1,0,GPU,0.6,,P1,B-F-ledger2-triplets-s0,todo,verify Unsloth ID for the non-Qwen model
B-BB-non-qwen-4to9b-ledger2-triplets-s1,B,yes,Sec7.4 backbones,train+eval,non-qwen-4to9b: ledger2 x triplets,rule_v1,1,GPU,0.6,,P2,B-F-ledger2-triplets-s0,todo,verify Unsloth ID for the non-Qwen model
B-BB-non-qwen-4to9b-ledger2-triplets-s2,B,yes,Sec7.4 backbones,train+eval,non-qwen-4to9b: ledger2 x triplets,rule_v1,2,GPU,0.6,,P2,B-F-ledger2-triplets-s0,todo,verify Unsloth ID for the non-Qwen model
B-DIS-s0,B,yes,"Sec7.3, AppD",train+eval,MedEinst with diseases held out (ledger2 on clinical pairs),C-CL-clinpairs,0,GPU,0.8,,P2,C-CL-clinpairs,todo,
B-DIS-s1,B,yes,"Sec7.3, AppD",train+eval,MedEinst with diseases held out (ledger2 on clinical pairs),C-CL-clinpairs,1,GPU,0.8,,P2,C-CL-clinpairs,todo,
B-DIS-s2,B,yes,"Sec7.3, AppD",train+eval,MedEinst with diseases held out (ledger2 on clinical pairs),C-CL-clinpairs,2,GPU,0.8,,P2,C-CL-clinpairs,todo,
B-PRM,B,no,"Tab2,Tab5",train,injected-error PRM = step check (MedPRMBench train if released; else adopt released Med-PRM as step check),-,0,GPU,1.5,,P0,C-CL-medprmbench,todo,keep adapter; D needs it
B-REG,B,no,-,doc,"configs/adapters.json: kept adapters (headline ledger2-triplets, ledger2-blocks, verdict-triplets, step check)",-,-,CPU,0.3,,P0,B-F-*,todo,
